-- Database Backup for invoice_management
-- Generated on 2025-04-14 14:43:18

SET FOREIGN_KEY_CHECKS=0;

-- Table structure for table `articles`
DROP TABLE IF EXISTS `articles`;
CREATE TABLE `articles` (
  `id` bigint unsigned NOT NULL AUTO_INCREMENT,
  `code` varchar(255) COLLATE utf8mb4_unicode_ci NOT NULL COMMENT 'Código único do artigo',
  `name` varchar(255) COLLATE utf8mb4_unicode_ci NOT NULL,
  `description` text COLLATE utf8mb4_unicode_ci,
  `price` decimal(10,2) NOT NULL DEFAULT '0.00',
  `category_id` bigint unsigned DEFAULT NULL,
  `subcategory_id` bigint unsigned DEFAULT NULL,
  `active` tinyint(1) NOT NULL DEFAULT '1',
  `created_at` timestamp NULL DEFAULT NULL,
  `updated_at` timestamp NULL DEFAULT NULL,
  `deleted_at` timestamp NULL DEFAULT NULL,
  PRIMARY KEY (`id`),
  UNIQUE KEY `articles_code_unique` (`code`),
  KEY `articles_category_id_foreign` (`category_id`),
  KEY `articles_subcategory_id_foreign` (`subcategory_id`),
  CONSTRAINT `articles_category_id_foreign` FOREIGN KEY (`category_id`) REFERENCES `categories` (`id`),
  CONSTRAINT `articles_subcategory_id_foreign` FOREIGN KEY (`subcategory_id`) REFERENCES `subcategories` (`id`)
) ENGINE=InnoDB AUTO_INCREMENT=18 DEFAULT CHARSET=utf8mb4 COLLATE=utf8mb4_unicode_ci;

-- Data for table `articles`
INSERT INTO `articles` VALUES
('1', 'ART001', 'Macbook Pro 14\"', '14-inch MacBook Pro: Apple M4 chip with 10-core CPU and 10-core GPU, 16GB, 512GB SSD - Space Black', '1833.90', '1', '1', '1', '2025-04-14 10:29:49', '2025-04-14 10:29:49', NULL),
('2', 'ART002', 'Iphone 16 Pro Max', '4K@24/25/30/60/100/120fps, 1080p@25/30/60/120/240fps, 10-bit HDR, Dolby Vision HDR (hasta 60fps), ProRes, 3D (spatial) video/audio, stereo sound rec', '1499.00', '2', '2', '1', '2025-04-14 10:29:49', '2025-04-14 11:34:39', NULL),
('3', 'ART003', 'Secretária', 'Mesa 1,40m com pés de aço e tampo de madeira', '149.90', '3', '3', '1', '2025-04-14 10:29:49', '2025-04-14 11:52:10', NULL),
('4', 'ART004', 'Iphone 16 mini', '4K@24/25/30/60/100/120fps, 1080p@25/30/60/120/240fps, 10-bit HDR, Dolby Vision HDR (hasta 60fps), ProRes, 3D (spatial) video/audio, stereo sound rec', '1199.00', '2', '2', '1', '2025-04-14 11:54:20', '2025-04-14 11:54:20', NULL),
('5', 'ART005', 'Samsung Galaxy S25 Ultra', '4K@24/25/30/60/100/120fps, 1080p@25/30/60/120/240fps, 10-bit HDR, Dolby Vision HDR (hasta 60fps), ProRes, 3D (spatial) video/audio, stereo sound rec', '1199.00', '2', '4', '1', '2025-04-14 11:54:20', '2025-04-14 11:54:20', NULL),
('6', 'ART001_1', 'Macbook Pro 14\"', '14-inch MacBook Pro: Apple M4 chip with 10-core CPU and 10-core GPU, 16GB, 512GB SSD - Space Black', '1833.90', '1', '1', '1', '2025-04-14 12:06:39', '2025-04-14 12:12:07', '2025-04-14 12:12:07'),
('7', 'ART004_1', 'Iphone 16 mini', '4K@24/25/30/60/100/120fps, 1080p@25/30/60/120/240fps, 10-bit HDR, Dolby Vision HDR (hasta 60fps), ProRes, 3D (spatial) video/audio, stereo sound rec', '1199.00', '2', '2', '1', '2025-04-14 12:06:39', '2025-04-14 12:12:07', '2025-04-14 12:12:07'),
('8', 'ART005_1', 'Samsung Galaxy S25 Ultra', '4K@24/25/30/60/100/120fps, 1080p@25/30/60/120/240fps, 10-bit HDR, Dolby Vision HDR (hasta 60fps), ProRes, 3D (spatial) video/audio, stereo sound rec', '1199.00', '2', '4', '1', '2025-04-14 12:06:39', '2025-04-14 12:12:07', '2025-04-14 12:12:07'),
('9', 'ART007', 'Macbook Air 14\"', '14-inch MacBook Pro: Apple M4 chip with 10-core CPU and 10-core GPU, 16GB, 512GB SSD - Space Black', '1490.00', '1', '1', '1', '2025-04-14 12:28:10', '2025-04-14 12:28:10', NULL),
('10', 'ART006', 'Samsung Galaxy S23 Ultra', '1080p @ 25/30/60/120/240fps, 10-bit HDR, Dolby Vision HDR (hasta 60fps), ProRes, 3D (spatial) video/audio, stereo sound rec', '1099.00', '2', '4', '1', '2025-04-14 12:28:10', '2025-04-14 12:28:10', NULL),
('11', 'ART008', 'Dell Inspiron 14\"', '14-inch MacBook Pro: Intel 10G chip with 10-core CPU and 10-core GPU, 16GB, 512GB SSD - Space Black', '1100.00', '1', '1', '1', '2025-04-14 12:42:23', '2025-04-14 12:42:23', NULL),
('12', 'ART009', 'Cadeira ', 'Cadeira giratória alcochoada', '100.00', '3', '5', '1', '2025-04-14 12:42:23', '2025-04-14 12:42:23', NULL),
('13', 'ART010', 'Dell Inspiron 17\"', '14-inch Pro: Intel 10G chip with 10-core CPU and 10-core GPU, 16GB, 512GB SSD - Space Black', '1250.00', '1', '1', '1', '2025-04-14 12:44:25', '2025-04-14 12:44:25', NULL),
('14', 'ART011', 'Samsung Tablet 23', '14-inch Pro: Intel 10G chip with 10-core CPU and 10-core GPU, 16GB, 512GB SSD - Space Black', '999.00', '1', '6', '1', '2025-04-14 12:49:11', '2025-04-14 12:49:11', NULL),
('15', 'ART012', 'Secretária', 'Mesa 1,60m pés em metal e com tampo madeira ', '130.00', '3', '3', '1', '2025-04-14 13:10:30', '2025-04-14 13:10:30', NULL),
('16', 'ART013', 'Secretária infantil', 'Mesa 0,90m pés em metal e com tampo madeira ', '110.00', '3', '3', '1', '2025-04-14 13:18:00', '2025-04-14 13:18:00', NULL),
('17', 'ART014', 'Secretária Mini', 'Mesa 0,80m em plástico', '90.00', '3', '3', '1', '2025-04-14 13:21:51', '2025-04-14 13:21:51', NULL)
;

-- Table structure for table `cache`
DROP TABLE IF EXISTS `cache`;
CREATE TABLE `cache` (
  `key` varchar(255) COLLATE utf8mb4_unicode_ci NOT NULL,
  `value` mediumtext COLLATE utf8mb4_unicode_ci NOT NULL,
  `expiration` int NOT NULL,
  PRIMARY KEY (`key`)
) ENGINE=InnoDB DEFAULT CHARSET=utf8mb4 COLLATE=utf8mb4_unicode_ci;

-- Table structure for table `cache_locks`
DROP TABLE IF EXISTS `cache_locks`;
CREATE TABLE `cache_locks` (
  `key` varchar(255) COLLATE utf8mb4_unicode_ci NOT NULL,
  `owner` varchar(255) COLLATE utf8mb4_unicode_ci NOT NULL,
  `expiration` int NOT NULL,
  PRIMARY KEY (`key`)
) ENGINE=InnoDB DEFAULT CHARSET=utf8mb4 COLLATE=utf8mb4_unicode_ci;

-- Table structure for table `categories`
DROP TABLE IF EXISTS `categories`;
CREATE TABLE `categories` (
  `id` bigint unsigned NOT NULL AUTO_INCREMENT,
  `name` varchar(255) COLLATE utf8mb4_unicode_ci NOT NULL,
  `description` text COLLATE utf8mb4_unicode_ci,
  `created_at` timestamp NULL DEFAULT NULL,
  `updated_at` timestamp NULL DEFAULT NULL,
  PRIMARY KEY (`id`)
) ENGINE=InnoDB AUTO_INCREMENT=4 DEFAULT CHARSET=utf8mb4 COLLATE=utf8mb4_unicode_ci;

-- Data for table `categories`
INSERT INTO `categories` VALUES
('1', 'Informática', '', '2025-04-14 10:29:49', '2025-04-14 10:29:49'),
('2', 'Telemóveis', '', '2025-04-14 10:29:49', '2025-04-14 10:29:49'),
('3', 'Escritório', '', '2025-04-14 10:29:49', '2025-04-14 10:29:49')
;

-- Table structure for table `counties`
DROP TABLE IF EXISTS `counties`;
CREATE TABLE `counties` (
  `id` bigint unsigned NOT NULL AUTO_INCREMENT,
  `name` varchar(255) COLLATE utf8mb4_unicode_ci NOT NULL,
  `code` varchar(6) COLLATE utf8mb4_unicode_ci DEFAULT NULL,
  `district_id` bigint unsigned NOT NULL,
  `created_at` timestamp NULL DEFAULT NULL,
  `updated_at` timestamp NULL DEFAULT NULL,
  PRIMARY KEY (`id`),
  UNIQUE KEY `counties_name_district_id_unique` (`name`,`district_id`),
  UNIQUE KEY `counties_code_unique` (`code`),
  KEY `counties_district_id_foreign` (`district_id`),
  CONSTRAINT `counties_district_id_foreign` FOREIGN KEY (`district_id`) REFERENCES `districts` (`id`) ON DELETE CASCADE
) ENGINE=InnoDB AUTO_INCREMENT=24 DEFAULT CHARSET=utf8mb4 COLLATE=utf8mb4_unicode_ci;

-- Data for table `counties`
INSERT INTO `counties` VALUES
('1', 'Lisboa', 'LSB', '11', '2025-04-09 10:06:36', '2025-04-09 10:06:36'),
('2', 'Sintra', 'SNT', '11', '2025-04-09 10:06:36', '2025-04-09 10:06:36'),
('3', 'Cascais', 'CSC', '11', '2025-04-09 10:06:36', '2025-04-09 10:06:36'),
('4', 'Oeiras', 'OER', '11', '2025-04-09 10:06:36', '2025-04-09 10:06:36'),
('5', 'Amadora', 'AMD', '11', '2025-04-09 10:06:36', '2025-04-09 10:06:36'),
('6', 'Odivelas', 'ODV', '11', '2025-04-09 10:06:36', '2025-04-09 10:06:36'),
('7', 'Loures', 'LRS', '11', '2025-04-09 10:06:36', '2025-04-09 10:06:36'),
('8', 'Vila Franca de Xira', 'VFX', '11', '2025-04-09 10:06:36', '2025-04-09 10:06:36'),
('9', 'Mafra', 'MFR', '11', '2025-04-09 10:06:36', '2025-04-09 10:06:36'),
('10', 'Alenquer', 'ALQ', '11', '2025-04-09 10:06:36', '2025-04-09 10:06:36'),
('11', 'Torres Vedras', 'TVD', '11', '2025-04-09 10:06:36', '2025-04-09 10:06:36'),
('12', 'Azambuja', 'AZB', '11', '2025-04-09 10:06:36', '2025-04-09 10:06:36'),
('13', 'Arruda dos Vinhos', 'ARV', '11', '2025-04-09 10:06:36', '2025-04-09 10:06:36'),
('14', 'Sobral de Monte Agraço', 'SMA', '11', '2025-04-09 10:06:36', '2025-04-09 10:06:36'),
('15', 'Lourinhã', 'LRN', '11', '2025-04-09 10:06:36', '2025-04-09 10:06:36'),
('16', 'Cadaval', 'CDV', '11', '2025-04-09 10:06:36', '2025-04-09 10:06:36'),
('17', 'Porto', 'PRT', '13', '2025-04-09 10:06:36', '2025-04-09 10:06:36'),
('18', 'Vila Nova de Gaia', 'VNG', '13', '2025-04-09 10:06:36', '2025-04-09 10:06:36'),
('19', 'Matosinhos', 'MTS', '13', '2025-04-09 10:06:36', '2025-04-09 10:06:36'),
('20', 'Maia', 'MAI', '13', '2025-04-09 10:06:36', '2025-04-09 10:06:36'),
('21', 'Gondomar', 'GDM', '13', '2025-04-09 10:06:36', '2025-04-09 10:06:36'),
('22', 'Valongo', 'VLG', '13', '2025-04-09 10:06:36', '2025-04-09 10:06:36'),
('23', 'Póvoa de Varzim', 'PVZ', '13', '2025-04-09 10:06:36', '2025-04-09 10:06:36')
;

-- Table structure for table `districts`
DROP TABLE IF EXISTS `districts`;
CREATE TABLE `districts` (
  `id` bigint unsigned NOT NULL AUTO_INCREMENT,
  `name` varchar(255) COLLATE utf8mb4_unicode_ci NOT NULL,
  `code` varchar(4) COLLATE utf8mb4_unicode_ci DEFAULT NULL,
  `created_at` timestamp NULL DEFAULT NULL,
  `updated_at` timestamp NULL DEFAULT NULL,
  PRIMARY KEY (`id`),
  UNIQUE KEY `districts_name_unique` (`name`),
  UNIQUE KEY `districts_code_unique` (`code`)
) ENGINE=InnoDB AUTO_INCREMENT=21 DEFAULT CHARSET=utf8mb4 COLLATE=utf8mb4_unicode_ci;

-- Data for table `districts`
INSERT INTO `districts` VALUES
('1', 'Aveiro', 'AV', '2025-04-09 10:06:36', '2025-04-09 10:06:36'),
('2', 'Beja', 'BE', '2025-04-09 10:06:36', '2025-04-09 10:06:36'),
('3', 'Braga', 'BR', '2025-04-09 10:06:36', '2025-04-09 10:06:36'),
('4', 'Bragança', 'BG', '2025-04-09 10:06:36', '2025-04-09 10:06:36'),
('5', 'Castelo Branco', 'CB', '2025-04-09 10:06:36', '2025-04-09 10:06:36'),
('6', 'Coimbra', 'CO', '2025-04-09 10:06:36', '2025-04-09 10:06:36'),
('7', 'Évora', 'EV', '2025-04-09 10:06:36', '2025-04-09 10:06:36'),
('8', 'Faro', 'FA', '2025-04-09 10:06:36', '2025-04-09 10:06:36'),
('9', 'Guarda', 'GU', '2025-04-09 10:06:36', '2025-04-09 10:06:36'),
('10', 'Leiria', 'LE', '2025-04-09 10:06:36', '2025-04-09 10:06:36'),
('11', 'Lisboa', 'LI', '2025-04-09 10:06:36', '2025-04-09 10:06:36'),
('12', 'Portalegre', 'PG', '2025-04-09 10:06:36', '2025-04-09 10:06:36'),
('13', 'Porto', 'PO', '2025-04-09 10:06:36', '2025-04-09 10:06:36'),
('14', 'Santarém', 'SA', '2025-04-09 10:06:36', '2025-04-09 10:06:36'),
('15', 'Setúbal', 'SE', '2025-04-09 10:06:36', '2025-04-09 10:06:36'),
('16', 'Viana do Castelo', 'VC', '2025-04-09 10:06:36', '2025-04-09 10:06:36'),
('17', 'Vila Real', 'VR', '2025-04-09 10:06:36', '2025-04-09 10:06:36'),
('18', 'Viseu', 'VI', '2025-04-09 10:06:36', '2025-04-09 10:06:36'),
('19', 'Região Autónoma dos Açores', 'RAA', '2025-04-09 10:06:36', '2025-04-09 10:06:36'),
('20', 'Região Autónoma da Madeira', 'RAM', '2025-04-09 10:06:36', '2025-04-09 10:06:36')
;

-- Table structure for table `failed_jobs`
DROP TABLE IF EXISTS `failed_jobs`;
CREATE TABLE `failed_jobs` (
  `id` bigint unsigned NOT NULL AUTO_INCREMENT,
  `uuid` varchar(255) COLLATE utf8mb4_unicode_ci NOT NULL,
  `connection` text COLLATE utf8mb4_unicode_ci NOT NULL,
  `queue` text COLLATE utf8mb4_unicode_ci NOT NULL,
  `payload` longtext COLLATE utf8mb4_unicode_ci NOT NULL,
  `exception` longtext COLLATE utf8mb4_unicode_ci NOT NULL,
  `failed_at` timestamp NOT NULL DEFAULT CURRENT_TIMESTAMP,
  PRIMARY KEY (`id`),
  UNIQUE KEY `failed_jobs_uuid_unique` (`uuid`)
) ENGINE=InnoDB DEFAULT CHARSET=utf8mb4 COLLATE=utf8mb4_unicode_ci;

-- Table structure for table `invoice_items`
DROP TABLE IF EXISTS `invoice_items`;
CREATE TABLE `invoice_items` (
  `id` bigint unsigned NOT NULL AUTO_INCREMENT,
  `invoice_id` bigint unsigned NOT NULL,
  `description` varchar(255) COLLATE utf8mb4_unicode_ci NOT NULL,
  `quantity` decimal(10,2) NOT NULL,
  `unit_price` decimal(10,2) NOT NULL,
  `total_price` decimal(10,2) NOT NULL,
  `tax_rate` decimal(5,2) NOT NULL DEFAULT '0.00',
  `tax_amount` decimal(10,2) NOT NULL DEFAULT '0.00',
  `notes` text COLLATE utf8mb4_unicode_ci,
  `created_at` timestamp NULL DEFAULT NULL,
  `updated_at` timestamp NULL DEFAULT NULL,
  PRIMARY KEY (`id`),
  KEY `invoice_items_invoice_id_foreign` (`invoice_id`),
  CONSTRAINT `invoice_items_invoice_id_foreign` FOREIGN KEY (`invoice_id`) REFERENCES `invoices` (`id`) ON DELETE CASCADE
) ENGINE=InnoDB AUTO_INCREMENT=464 DEFAULT CHARSET=utf8mb4 COLLATE=utf8mb4_unicode_ci;

-- Data for table `invoice_items`
INSERT INTO `invoice_items` VALUES
('1', '1', 'Modi est officiis.', '6.00', '821.89', '4931.34', '6.00', '295.88', NULL, '2025-04-09 10:06:36', '2025-04-09 10:06:36'),
('2', '1', 'Necessitatibus facere consequatur eaque.', '6.00', '452.31', '2713.86', '13.00', '352.80', NULL, '2025-04-09 10:06:36', '2025-04-09 10:06:36'),
('3', '1', 'Vel et pariatur rem.', '10.00', '181.92', '1819.20', '6.00', '109.15', NULL, '2025-04-09 10:06:36', '2025-04-09 10:06:36'),
('4', '1', 'Accusamus quibusdam et.', '3.00', '911.93', '2735.79', '13.00', '355.65', NULL, '2025-04-09 10:06:36', '2025-04-09 10:06:36'),
('5', '1', 'Consequuntur dolor tempore magni.', '10.00', '429.71', '4297.10', '23.00', '988.33', NULL, '2025-04-09 10:06:36', '2025-04-09 10:06:36'),
('6', '1', 'Nam sequi saepe.', '1.00', '747.26', '747.26', '6.00', '44.84', NULL, '2025-04-09 10:06:36', '2025-04-09 10:06:36'),
('7', '2', 'Dolorum cupiditate laborum et.', '6.00', '477.46', '2864.76', '13.00', '372.42', NULL, '2025-04-09 10:06:36', '2025-04-09 10:06:36'),
('8', '2', 'Consequatur accusantium.', '4.00', '263.86', '1055.44', '23.00', '242.75', NULL, '2025-04-09 10:06:36', '2025-04-09 10:06:36'),
('9', '2', 'Molestiae fugiat blanditiis omnis.', '8.00', '837.94', '6703.52', '6.00', '402.21', NULL, '2025-04-09 10:06:36', '2025-04-09 10:06:36'),
('10', '2', 'Unde natus qui quos.', '1.00', '568.28', '568.28', '6.00', '34.10', NULL, '2025-04-09 10:06:36', '2025-04-09 10:06:36'),
('11', '2', 'Ipsam quia laborum explicabo.', '7.00', '648.92', '4542.44', '6.00', '272.55', NULL, '2025-04-09 10:06:36', '2025-04-09 10:06:36'),
('12', '2', 'Maxime dignissimos voluptatem eum.', '10.00', '212.22', '2122.20', '6.00', '127.33', NULL, '2025-04-09 10:06:36', '2025-04-09 10:06:36'),
('13', '3', 'Nisi ut blanditiis atque.', '4.00', '797.86', '3191.44', '13.00', '414.89', NULL, '2025-04-09 10:06:36', '2025-04-09 10:06:36'),
('14', '4', 'Exercitationem non quis.', '8.00', '857.53', '6860.24', '6.00', '411.61', NULL, '2025-04-09 10:06:36', '2025-04-09 10:06:36'),
('15', '4', 'Aut iste aperiam et.', '4.00', '567.87', '2271.48', '6.00', '136.29', NULL, '2025-04-09 10:06:36', '2025-04-09 10:06:36'),
('16', '4', 'Esse minus est non.', '6.00', '773.03', '4638.18', '13.00', '602.96', NULL, '2025-04-09 10:06:36', '2025-04-09 10:06:36'),
('17', '4', 'Dolores aut sint voluptatem.', '1.00', '744.74', '744.74', '6.00', '44.68', NULL, '2025-04-09 10:06:36', '2025-04-09 10:06:36'),
('18', '5', 'Cupiditate est culpa.', '10.00', '50.13', '501.30', '6.00', '30.08', NULL, '2025-04-09 10:06:36', '2025-04-09 10:06:36'),
('19', '5', 'Et rem et culpa.', '5.00', '165.37', '826.85', '13.00', '107.49', NULL, '2025-04-09 10:06:36', '2025-04-09 10:06:36'),
('20', '5', 'Placeat natus accusamus maxime.', '4.00', '834.56', '3338.24', '6.00', '200.29', NULL, '2025-04-09 10:06:36', '2025-04-09 10:06:36'),
('21', '6', 'Possimus occaecati est sed sint.', '10.00', '944.70', '9447.00', '13.00', '1228.11', NULL, '2025-04-09 10:06:36', '2025-04-09 10:06:36'),
('22', '7', 'Qui ratione occaecati.', '6.00', '109.35', '656.10', '6.00', '39.37', NULL, '2025-04-09 10:06:36', '2025-04-09 10:06:36'),
('23', '7', 'Rerum dolor natus rerum.', '1.00', '799.35', '799.35', '13.00', '103.92', NULL, '2025-04-09 10:06:36', '2025-04-09 10:06:36'),
('24', '7', 'Ut tempore laborum molestias.', '5.00', '650.95', '3254.75', '6.00', '195.29', NULL, '2025-04-09 10:06:36', '2025-04-09 10:06:36'),
('25', '7', 'Reprehenderit facilis dolore facilis voluptas.', '4.00', '990.75', '3963.00', '13.00', '515.19', NULL, '2025-04-09 10:06:36', '2025-04-09 10:06:36'),
('26', '7', 'Voluptatem quos culpa quaerat.', '2.00', '402.72', '805.44', '6.00', '48.33', NULL, '2025-04-09 10:06:36', '2025-04-09 10:06:36'),
('27', '7', 'Repellendus expedita fugiat.', '2.00', '862.42', '1724.84', '6.00', '103.49', NULL, '2025-04-09 10:06:36', '2025-04-09 10:06:36'),
('28', '8', 'Delectus aut quisquam.', '3.00', '144.97', '434.91', '6.00', '26.09', NULL, '2025-04-09 10:06:36', '2025-04-09 10:06:36'),
('29', '8', 'Ipsa maxime repellendus.', '2.00', '37.98', '75.96', '6.00', '4.56', NULL, '2025-04-09 10:06:36', '2025-04-09 10:06:36'),
('30', '8', 'Vero aperiam dolore.', '10.00', '554.79', '5547.90', '13.00', '721.23', NULL, '2025-04-09 10:06:36', '2025-04-09 10:06:36'),
('31', '8', 'Veritatis beatae.', '10.00', '683.93', '6839.30', '13.00', '889.11', NULL, '2025-04-09 10:06:36', '2025-04-09 10:06:36'),
('32', '9', 'Nesciunt odio quibusdam.', '6.00', '695.07', '4170.42', '23.00', '959.20', NULL, '2025-04-09 10:06:36', '2025-04-09 10:06:36'),
('33', '10', 'Consectetur maxime provident cum.', '5.00', '597.28', '2986.40', '13.00', '388.23', NULL, '2025-04-09 10:06:36', '2025-04-09 10:06:36'),
('34', '10', 'Qui architecto eveniet veritatis.', '5.00', '35.55', '177.75', '6.00', '10.67', NULL, '2025-04-09 10:06:36', '2025-04-09 10:06:36'),
('35', '10', 'Quia commodi et.', '8.00', '894.86', '7158.88', '23.00', '1646.54', NULL, '2025-04-09 10:06:36', '2025-04-09 10:06:36'),
('36', '10', 'Ipsum est autem et.', '6.00', '674.65', '4047.90', '6.00', '242.87', NULL, '2025-04-09 10:06:36', '2025-04-09 10:06:36'),
('37', '11', 'Accusamus quos ipsum omnis.', '9.00', '930.09', '8370.81', '13.00', '1088.21', NULL, '2025-04-09 10:06:36', '2025-04-09 10:06:36'),
('38', '11', 'Blanditiis omnis eligendi.', '9.00', '583.65', '5252.85', '23.00', '1208.16', NULL, '2025-04-09 10:06:36', '2025-04-09 10:06:36'),
('39', '12', 'Totam minima eaque.', '7.00', '382.86', '2680.02', '13.00', '348.40', NULL, '2025-04-09 10:06:36', '2025-04-09 10:06:36'),
('40', '12', 'Qui autem fugiat.', '2.00', '532.62', '1065.24', '6.00', '63.91', NULL, '2025-04-09 10:06:36', '2025-04-09 10:06:36'),
('41', '12', 'Optio autem et.', '4.00', '711.90', '2847.60', '6.00', '170.86', NULL, '2025-04-09 10:06:36', '2025-04-09 10:06:36'),
('42', '12', 'Facilis ut occaecati quo.', '10.00', '14.99', '149.90', '23.00', '34.48', NULL, '2025-04-09 10:06:36', '2025-04-09 10:06:36'),
('43', '12', 'Numquam qui animi omnis.', '6.00', '137.66', '825.96', '23.00', '189.97', NULL, '2025-04-09 10:06:36', '2025-04-09 10:06:36'),
('44', '13', 'Eos fugiat et voluptate velit.', '7.00', '800.04', '5600.28', '13.00', '728.04', NULL, '2025-04-09 10:06:36', '2025-04-09 10:06:36'),
('45', '13', 'Est doloribus et.', '4.00', '492.79', '1971.16', '13.00', '256.25', NULL, '2025-04-09 10:06:36', '2025-04-09 10:06:36'),
('46', '13', 'Quidem nisi explicabo aut.', '7.00', '690.89', '4836.23', '23.00', '1112.33', NULL, '2025-04-09 10:06:36', '2025-04-09 10:06:36'),
('47', '14', 'Facilis enim.', '1.00', '695.72', '695.72', '6.00', '41.74', NULL, '2025-04-09 10:06:36', '2025-04-09 10:06:36'),
('48', '14', 'Quo aut.', '5.00', '426.61', '2133.05', '6.00', '127.98', NULL, '2025-04-09 10:06:36', '2025-04-09 10:06:36'),
('49', '14', 'Expedita vel placeat.', '1.00', '704.93', '704.93', '23.00', '162.13', NULL, '2025-04-09 10:06:36', '2025-04-09 10:06:36'),
('50', '14', 'Mollitia porro quia nobis.', '6.00', '379.00', '2274.00', '23.00', '523.02', NULL, '2025-04-09 10:06:36', '2025-04-09 10:06:36'),
('51', '15', 'Placeat aliquam.', '10.00', '770.57', '7705.70', '6.00', '462.34', NULL, '2025-04-09 10:06:36', '2025-04-09 10:06:36'),
('52', '15', 'Maiores iusto et.', '8.00', '449.86', '3598.88', '6.00', '215.93', NULL, '2025-04-09 10:06:36', '2025-04-09 10:06:36'),
('53', '16', 'Eos aut non.', '10.00', '909.25', '9092.50', '6.00', '545.55', NULL, '2025-04-09 10:06:36', '2025-04-09 10:06:36'),
('54', '16', 'Voluptatum eum officia cupiditate.', '3.00', '881.24', '2643.72', '13.00', '343.68', NULL, '2025-04-09 10:06:36', '2025-04-09 10:06:36'),
('55', '16', 'Ratione et est consequuntur.', '10.00', '376.75', '3767.50', '23.00', '866.53', NULL, '2025-04-09 10:06:36', '2025-04-09 10:06:36'),
('56', '16', 'Illo voluptatum et ut.', '10.00', '438.63', '4386.30', '6.00', '263.18', NULL, '2025-04-09 10:06:36', '2025-04-09 10:06:36'),
('57', '17', 'Consequatur perferendis optio.', '8.00', '782.85', '6262.80', '13.00', '814.16', NULL, '2025-04-09 10:06:36', '2025-04-09 10:06:36'),
('58', '18', 'Qui temporibus dolore reprehenderit.', '7.00', '470.67', '3294.69', '13.00', '428.31', NULL, '2025-04-09 10:06:36', '2025-04-09 10:06:36'),
('59', '18', 'Molestias in mollitia rerum porro.', '7.00', '67.06', '469.42', '6.00', '28.17', NULL, '2025-04-09 10:06:36', '2025-04-09 10:06:36'),
('60', '18', 'Ex pariatur voluptas.', '9.00', '859.48', '7735.32', '6.00', '464.12', NULL, '2025-04-09 10:06:36', '2025-04-09 10:06:36'),
('61', '18', 'Assumenda assumenda voluptate commodi.', '10.00', '479.82', '4798.20', '6.00', '287.89', NULL, '2025-04-09 10:06:36', '2025-04-09 10:06:36'),
('62', '19', 'Eveniet dolorem voluptatibus ut doloribus.', '3.00', '768.64', '2305.92', '6.00', '138.36', NULL, '2025-04-09 10:06:36', '2025-04-09 10:06:36'),
('63', '19', 'Atque voluptatem est.', '10.00', '469.11', '4691.10', '23.00', '1078.95', NULL, '2025-04-09 10:06:36', '2025-04-09 10:06:36'),
('64', '19', 'Qui dolor reiciendis at rem.', '6.00', '697.84', '4187.04', '6.00', '251.22', NULL, '2025-04-09 10:06:36', '2025-04-09 10:06:36'),
('65', '19', 'Fugiat non eius reprehenderit.', '7.00', '513.27', '3592.89', '23.00', '826.36', NULL, '2025-04-09 10:06:36', '2025-04-09 10:06:36'),
('66', '19', 'Ut incidunt.', '9.00', '956.31', '8606.79', '23.00', '1979.56', NULL, '2025-04-09 10:06:36', '2025-04-09 10:06:36'),
('67', '19', 'Quibusdam dicta voluptatibus.', '5.00', '954.25', '4771.25', '13.00', '620.26', NULL, '2025-04-09 10:06:36', '2025-04-09 10:06:36'),
('68', '20', 'Quia et debitis.', '2.00', '406.57', '813.14', '6.00', '48.79', NULL, '2025-04-09 10:06:36', '2025-04-09 10:06:36'),
('69', '20', 'Enim dolor doloribus.', '9.00', '519.30', '4673.70', '13.00', '607.58', NULL, '2025-04-09 10:06:36', '2025-04-09 10:06:36'),
('70', '20', 'Eveniet cum ut.', '5.00', '281.89', '1409.45', '13.00', '183.23', NULL, '2025-04-09 10:06:36', '2025-04-09 10:06:36'),
('71', '20', 'Ut et velit maxime.', '9.00', '963.45', '8671.05', '23.00', '1994.34', NULL, '2025-04-09 10:06:36', '2025-04-09 10:06:36'),
('72', '21', 'Corrupti et et libero.', '4.00', '737.44', '2949.76', '23.00', '678.44', NULL, '2025-04-09 10:06:36', '2025-04-09 10:06:36'),
('73', '21', 'Praesentium ut est aspernatur.', '6.00', '322.56', '1935.36', '6.00', '116.12', NULL, '2025-04-09 10:06:36', '2025-04-09 10:06:36'),
('74', '22', 'Dolor hic nihil.', '6.00', '787.81', '4726.86', '13.00', '614.49', NULL, '2025-04-09 10:06:36', '2025-04-09 10:06:36'),
('75', '22', 'Dignissimos at provident aut.', '8.00', '787.31', '6298.48', '6.00', '377.91', NULL, '2025-04-09 10:06:36', '2025-04-09 10:06:36'),
('76', '22', 'Dolorem quisquam minima.', '8.00', '561.31', '4490.48', '6.00', '269.43', NULL, '2025-04-09 10:06:36', '2025-04-09 10:06:36'),
('77', '22', 'Aliquam reiciendis nisi.', '3.00', '10.88', '32.64', '13.00', '4.24', NULL, '2025-04-09 10:06:36', '2025-04-09 10:06:36'),
('78', '23', 'Perspiciatis sed id quia.', '8.00', '685.79', '5486.32', '13.00', '713.22', NULL, '2025-04-09 10:06:36', '2025-04-09 10:06:36'),
('79', '23', 'Magni saepe illo.', '2.00', '529.94', '1059.88', '13.00', '137.78', NULL, '2025-04-09 10:06:36', '2025-04-09 10:06:36'),
('80', '23', 'Ut nulla accusamus temporibus.', '5.00', '508.33', '2541.65', '6.00', '152.50', NULL, '2025-04-09 10:06:36', '2025-04-09 10:06:36'),
('81', '23', 'Aut officia error.', '10.00', '821.95', '8219.50', '6.00', '493.17', NULL, '2025-04-09 10:06:36', '2025-04-09 10:06:36'),
('82', '24', 'Aut quia ut corporis.', '10.00', '794.24', '7942.40', '13.00', '1032.51', NULL, '2025-04-09 10:06:36', '2025-04-09 10:06:36'),
('83', '24', 'Tempora recusandae.', '5.00', '458.72', '2293.60', '6.00', '137.62', NULL, '2025-04-09 10:06:36', '2025-04-09 10:06:36'),
('84', '25', 'Recusandae doloremque voluptate expedita autem.', '6.00', '912.89', '5477.34', '6.00', '328.64', NULL, '2025-04-09 10:06:36', '2025-04-09 10:06:36'),
('85', '25', 'Temporibus sit est.', '9.00', '667.51', '6007.59', '6.00', '360.46', NULL, '2025-04-09 10:06:36', '2025-04-09 10:06:36'),
('86', '26', 'Explicabo aliquid eum.', '7.00', '305.53', '2138.71', '13.00', '278.03', NULL, '2025-04-09 10:06:36', '2025-04-09 10:06:36'),
('87', '26', 'Eaque occaecati eos in.', '1.00', '544.74', '544.74', '13.00', '70.82', NULL, '2025-04-09 10:06:36', '2025-04-09 10:06:36'),
('88', '27', 'Tempore nostrum dolore.', '6.00', '763.48', '4580.88', '23.00', '1053.60', NULL, '2025-04-09 10:06:36', '2025-04-09 10:06:36'),
('89', '27', 'Provident sit qui.', '6.00', '59.00', '354.00', '6.00', '21.24', NULL, '2025-04-09 10:06:36', '2025-04-09 10:06:36'),
('90', '27', 'Aut sequi placeat.', '2.00', '421.13', '842.26', '6.00', '50.54', NULL, '2025-04-09 10:06:36', '2025-04-09 10:06:36'),
('91', '28', 'Ut veniam ducimus tempore.', '3.00', '792.72', '2378.16', '13.00', '309.16', NULL, '2025-04-09 10:06:36', '2025-04-09 10:06:36'),
('92', '28', 'Accusamus eligendi illum sed.', '10.00', '893.53', '8935.30', '6.00', '536.12', NULL, '2025-04-09 10:06:36', '2025-04-09 10:06:36'),
('93', '28', 'Eum soluta non.', '2.00', '501.71', '1003.42', '6.00', '60.21', NULL, '2025-04-09 10:06:36', '2025-04-09 10:06:36'),
('94', '28', 'Est dolores quis.', '5.00', '484.33', '2421.65', '6.00', '145.30', NULL, '2025-04-09 10:06:36', '2025-04-09 10:06:36'),
('95', '28', 'Corporis labore nihil.', '9.00', '702.67', '6324.03', '23.00', '1454.53', NULL, '2025-04-09 10:06:36', '2025-04-09 10:06:36'),
('96', '28', 'Explicabo non dolorem vero.', '7.00', '748.40', '5238.80', '13.00', '681.04', NULL, '2025-04-09 10:06:36', '2025-04-09 10:06:36'),
('97', '29', 'Dolores nisi est.', '5.00', '696.23', '3481.15', '23.00', '800.66', NULL, '2025-04-09 10:06:36', '2025-04-09 10:06:36'),
('98', '29', 'Aut aut ad ipsam.', '8.00', '925.97', '7407.76', '6.00', '444.47', NULL, '2025-04-09 10:06:36', '2025-04-09 10:06:36'),
('99', '29', 'Voluptas nulla dolorem debitis.', '2.00', '331.39', '662.78', '13.00', '86.16', NULL, '2025-04-09 10:06:36', '2025-04-09 10:06:36'),
('100', '29', 'Quasi qui accusantium beatae.', '5.00', '772.17', '3860.85', '6.00', '231.65', NULL, '2025-04-09 10:06:36', '2025-04-09 10:06:36'),
('101', '30', 'Enim et enim dolorem.', '6.00', '180.99', '1085.94', '23.00', '249.77', NULL, '2025-04-09 10:06:36', '2025-04-09 10:06:36'),
('102', '30', 'Provident enim non.', '4.00', '851.18', '3404.72', '23.00', '783.09', NULL, '2025-04-09 10:06:36', '2025-04-09 10:06:36'),
('103', '30', 'Accusantium et dolores illum.', '9.00', '883.76', '7953.84', '13.00', '1034.00', NULL, '2025-04-09 10:06:36', '2025-04-09 10:06:36'),
('104', '30', 'Error delectus doloribus.', '6.00', '476.77', '2860.62', '13.00', '371.88', NULL, '2025-04-09 10:06:36', '2025-04-09 10:06:36'),
('105', '31', 'Expedita ipsum distinctio.', '4.00', '145.67', '582.68', '13.00', '75.75', NULL, '2025-04-09 10:06:36', '2025-04-09 10:06:36'),
('106', '31', 'Molestias qui modi veniam.', '2.00', '259.46', '518.92', '6.00', '31.14', NULL, '2025-04-09 10:06:36', '2025-04-09 10:06:36'),
('107', '31', 'Aut molestias qui.', '10.00', '799.53', '7995.30', '23.00', '1838.92', NULL, '2025-04-09 10:06:36', '2025-04-09 10:06:36'),
('108', '31', 'Eum sint impedit.', '9.00', '667.76', '6009.84', '6.00', '360.59', NULL, '2025-04-09 10:06:36', '2025-04-09 10:06:36'),
('109', '31', 'Quo ut laborum beatae.', '5.00', '742.80', '3714.00', '6.00', '222.84', NULL, '2025-04-09 10:06:36', '2025-04-09 10:06:36'),
('110', '32', 'Voluptate repellendus aspernatur.', '4.00', '534.55', '2138.20', '13.00', '277.97', NULL, '2025-04-09 10:06:36', '2025-04-09 10:06:36'),
('111', '32', 'Optio nam ut.', '7.00', '557.33', '3901.31', '6.00', '234.08', NULL, '2025-04-09 10:06:36', '2025-04-09 10:06:36'),
('112', '32', 'Est at aliquid.', '3.00', '290.93', '872.79', '13.00', '113.46', NULL, '2025-04-09 10:06:36', '2025-04-09 10:06:36'),
('113', '33', 'Consequuntur nemo molestias.', '9.00', '137.12', '1234.08', '23.00', '283.84', NULL, '2025-04-09 10:06:36', '2025-04-09 10:06:36'),
('114', '33', 'Minima rerum iusto fugiat.', '7.00', '526.78', '3687.46', '6.00', '221.25', NULL, '2025-04-09 10:06:36', '2025-04-09 10:06:36'),
('115', '34', 'Ut laboriosam hic.', '5.00', '909.55', '4547.75', '6.00', '272.87', NULL, '2025-04-09 10:06:36', '2025-04-09 10:06:36'),
('116', '34', 'Illum magnam dolores aut.', '2.00', '23.87', '47.74', '23.00', '10.98', NULL, '2025-04-09 10:06:36', '2025-04-09 10:06:36'),
('117', '34', 'Exercitationem voluptatem consequuntur.', '9.00', '558.15', '5023.35', '6.00', '301.40', NULL, '2025-04-09 10:06:36', '2025-04-09 10:06:36'),
('118', '34', 'Facilis ut quod vel.', '8.00', '343.91', '2751.28', '13.00', '357.67', NULL, '2025-04-09 10:06:36', '2025-04-09 10:06:36'),
('119', '34', 'Dolor expedita in sint.', '2.00', '50.12', '100.24', '23.00', '23.06', NULL, '2025-04-09 10:06:36', '2025-04-09 10:06:36'),
('120', '34', 'Similique fugit.', '9.00', '156.96', '1412.64', '23.00', '324.91', NULL, '2025-04-09 10:06:36', '2025-04-09 10:06:36'),
('121', '35', 'Quibusdam omnis.', '2.00', '637.70', '1275.40', '13.00', '165.80', NULL, '2025-04-09 10:06:36', '2025-04-09 10:06:36'),
('122', '35', 'Aliquid commodi sequi.', '2.00', '236.59', '473.18', '13.00', '61.51', NULL, '2025-04-09 10:06:36', '2025-04-09 10:06:36'),
('123', '35', 'Rerum consequatur dignissimos.', '6.00', '620.28', '3721.68', '6.00', '223.30', NULL, '2025-04-09 10:06:36', '2025-04-09 10:06:36'),
('124', '35', 'Ad ipsa.', '2.00', '355.95', '711.90', '13.00', '92.55', NULL, '2025-04-09 10:06:36', '2025-04-09 10:06:36'),
('125', '35', 'Repellendus alias optio nihil aut.', '7.00', '797.01', '5579.07', '6.00', '334.74', NULL, '2025-04-09 10:06:36', '2025-04-09 10:06:36'),
('126', '35', 'Tempore enim adipisci consectetur.', '8.00', '484.87', '3878.96', '13.00', '504.26', NULL, '2025-04-09 10:06:36', '2025-04-09 10:06:36'),
('127', '36', 'Enim libero aperiam ab.', '7.00', '581.40', '4069.80', '13.00', '529.07', NULL, '2025-04-09 10:06:36', '2025-04-09 10:06:36'),
('128', '36', 'Et sed sapiente nisi nisi.', '8.00', '556.84', '4454.72', '13.00', '579.11', NULL, '2025-04-09 10:06:36', '2025-04-09 10:06:36'),
('129', '36', 'Et quis tempora.', '4.00', '753.16', '3012.64', '6.00', '180.76', NULL, '2025-04-09 10:06:36', '2025-04-09 10:06:36'),
('130', '37', 'Repellat culpa debitis.', '3.00', '273.36', '820.08', '23.00', '188.62', NULL, '2025-04-09 10:06:36', '2025-04-09 10:06:36'),
('131', '37', 'Ut qui nihil hic.', '2.00', '150.73', '301.46', '13.00', '39.19', NULL, '2025-04-09 10:06:36', '2025-04-09 10:06:36'),
('132', '37', 'Omnis quia ab.', '8.00', '716.14', '5729.12', '23.00', '1317.70', NULL, '2025-04-09 10:06:36', '2025-04-09 10:06:36'),
('133', '37', 'Tenetur optio provident.', '8.00', '279.73', '2237.84', '23.00', '514.70', NULL, '2025-04-09 10:06:36', '2025-04-09 10:06:36'),
('134', '37', 'Est adipisci enim.', '8.00', '331.09', '2648.72', '13.00', '344.33', NULL, '2025-04-09 10:06:36', '2025-04-09 10:06:36'),
('135', '37', 'A illum eos.', '8.00', '486.88', '3895.04', '13.00', '506.36', NULL, '2025-04-09 10:06:36', '2025-04-09 10:06:36'),
('136', '38', 'Voluptas sit.', '1.00', '971.51', '971.51', '6.00', '58.29', NULL, '2025-04-09 10:06:36', '2025-04-09 10:06:36'),
('137', '38', 'Dolorum velit blanditiis illo.', '1.00', '106.94', '106.94', '6.00', '6.42', NULL, '2025-04-09 10:06:36', '2025-04-09 10:06:36'),
('138', '38', 'Perspiciatis sapiente.', '2.00', '128.54', '257.08', '6.00', '15.42', NULL, '2025-04-09 10:06:36', '2025-04-09 10:06:36'),
('139', '38', 'Facilis consequuntur molestias.', '9.00', '140.50', '1264.50', '13.00', '164.39', NULL, '2025-04-09 10:06:36', '2025-04-09 10:06:36'),
('140', '38', 'Laborum asperiores accusantium.', '6.00', '818.09', '4908.54', '6.00', '294.51', NULL, '2025-04-09 10:06:36', '2025-04-09 10:06:36'),
('141', '38', 'Sed ut labore.', '1.00', '115.38', '115.38', '13.00', '15.00', NULL, '2025-04-09 10:06:36', '2025-04-09 10:06:36'),
('142', '39', 'Qui quo dignissimos dolorum.', '1.00', '109.69', '109.69', '23.00', '25.23', NULL, '2025-04-09 10:06:36', '2025-04-09 10:06:36'),
('143', '40', 'Impedit repudiandae vero aut.', '6.00', '983.68', '5902.08', '6.00', '354.12', NULL, '2025-04-09 10:06:36', '2025-04-09 10:06:36'),
('144', '40', 'Distinctio quaerat minima.', '4.00', '751.23', '3004.92', '6.00', '180.30', NULL, '2025-04-09 10:06:36', '2025-04-09 10:06:36'),
('145', '41', 'Est ut voluptatibus possimus.', '5.00', '820.74', '4103.70', '13.00', '533.48', NULL, '2025-04-09 10:06:36', '2025-04-09 10:06:36'),
('146', '41', 'Voluptas consequatur repellendus.', '3.00', '330.92', '992.76', '13.00', '129.06', NULL, '2025-04-09 10:06:36', '2025-04-09 10:06:36'),
('147', '41', 'Occaecati dolorem atque.', '2.00', '100.21', '200.42', '6.00', '12.03', NULL, '2025-04-09 10:06:36', '2025-04-09 10:06:36'),
('148', '41', 'Sint omnis error qui.', '7.00', '685.57', '4798.99', '13.00', '623.87', NULL, '2025-04-09 10:06:36', '2025-04-09 10:06:36'),
('149', '41', 'Cum molestiae et.', '2.00', '636.91', '1273.82', '23.00', '292.98', NULL, '2025-04-09 10:06:36', '2025-04-09 10:06:36'),
('150', '42', 'Sint vel labore beatae.', '1.00', '971.73', '971.73', '23.00', '223.50', NULL, '2025-04-09 10:06:36', '2025-04-09 10:06:36'),
('151', '42', 'Vitae nemo nulla temporibus quo.', '5.00', '744.10', '3720.50', '13.00', '483.67', NULL, '2025-04-09 10:06:36', '2025-04-09 10:06:36'),
('152', '43', 'Est quia aut.', '9.00', '903.65', '8132.85', '13.00', '1057.27', NULL, '2025-04-09 10:06:36', '2025-04-09 10:06:36'),
('153', '43', 'Id quos voluptas occaecati.', '9.00', '780.38', '7023.42', '6.00', '421.41', NULL, '2025-04-09 10:06:36', '2025-04-09 10:06:36'),
('154', '43', 'Nisi sed consequatur.', '4.00', '354.73', '1418.92', '23.00', '326.35', NULL, '2025-04-09 10:06:36', '2025-04-09 10:06:36'),
('155', '43', 'Est ut quia et cumque.', '2.00', '361.25', '722.50', '6.00', '43.35', NULL, '2025-04-09 10:06:36', '2025-04-09 10:06:36'),
('156', '43', 'Natus qui et in.', '7.00', '163.61', '1145.27', '23.00', '263.41', NULL, '2025-04-09 10:06:36', '2025-04-09 10:06:36'),
('157', '43', 'Accusantium nihil et.', '8.00', '312.13', '2497.04', '13.00', '324.62', NULL, '2025-04-09 10:06:36', '2025-04-09 10:06:36'),
('158', '44', 'Ut est rerum.', '6.00', '110.94', '665.64', '6.00', '39.94', NULL, '2025-04-09 10:06:36', '2025-04-09 10:06:36'),
('159', '44', 'Optio et quod.', '5.00', '356.67', '1783.35', '6.00', '107.00', NULL, '2025-04-09 10:06:36', '2025-04-09 10:06:36'),
('160', '44', 'Non aut sed.', '1.00', '234.87', '234.87', '6.00', '14.09', NULL, '2025-04-09 10:06:36', '2025-04-09 10:06:36'),
('161', '44', 'Aliquam est odio qui.', '2.00', '578.14', '1156.28', '6.00', '69.38', NULL, '2025-04-09 10:06:36', '2025-04-09 10:06:36'),
('162', '44', 'Porro minus beatae.', '2.00', '513.02', '1026.04', '23.00', '235.99', NULL, '2025-04-09 10:06:36', '2025-04-09 10:06:36'),
('163', '44', 'Aspernatur adipisci magnam.', '4.00', '910.34', '3641.36', '23.00', '837.51', NULL, '2025-04-09 10:06:36', '2025-04-09 10:06:36'),
('164', '45', 'Et quae voluptatem totam.', '7.00', '686.54', '4805.78', '13.00', '624.75', NULL, '2025-04-09 10:06:36', '2025-04-09 10:06:36'),
('165', '46', 'Nam maiores illum quam.', '10.00', '473.06', '4730.60', '6.00', '283.84', NULL, '2025-04-09 10:06:36', '2025-04-09 10:06:36'),
('166', '46', 'Odio quaerat qui.', '10.00', '431.48', '4314.80', '13.00', '560.92', NULL, '2025-04-09 10:06:36', '2025-04-09 10:06:36'),
('167', '47', 'Sed doloribus et reiciendis.', '2.00', '777.93', '1555.86', '13.00', '202.26', NULL, '2025-04-09 10:06:36', '2025-04-09 10:06:36'),
('168', '47', 'Doloribus a reiciendis aliquid animi.', '6.00', '72.50', '435.00', '6.00', '26.10', NULL, '2025-04-09 10:06:36', '2025-04-09 10:06:36'),
('169', '48', 'Quo et asperiores ipsa.', '2.00', '41.06', '82.12', '6.00', '4.93', NULL, '2025-04-09 10:06:36', '2025-04-09 10:06:36'),
('170', '48', 'Quidem repellat voluptatem aut.', '8.00', '582.44', '4659.52', '6.00', '279.57', NULL, '2025-04-09 10:06:36', '2025-04-09 10:06:36'),
('171', '49', 'Error nulla.', '8.00', '90.87', '726.96', '6.00', '43.62', NULL, '2025-04-09 10:06:36', '2025-04-09 10:06:36'),
('172', '49', 'In et dolorum omnis.', '8.00', '129.86', '1038.88', '13.00', '135.05', NULL, '2025-04-09 10:06:36', '2025-04-09 10:06:36'),
('173', '49', 'Sequi cumque hic.', '4.00', '484.44', '1937.76', '6.00', '116.27', NULL, '2025-04-09 10:06:36', '2025-04-09 10:06:36'),
('174', '50', 'Et nihil.', '5.00', '438.53', '2192.65', '23.00', '504.31', NULL, '2025-04-09 10:06:36', '2025-04-09 10:06:36'),
('175', '50', 'Rerum adipisci.', '4.00', '583.54', '2334.16', '13.00', '303.44', NULL, '2025-04-09 10:06:36', '2025-04-09 10:06:36'),
('176', '51', 'Necessitatibus porro facilis veniam aliquam.', '1.00', '38.86', '38.86', '23.00', '8.94', NULL, '2025-04-09 10:06:36', '2025-04-09 10:06:36'),
('177', '51', 'Aliquam ratione facere ducimus.', '7.00', '922.78', '6459.46', '23.00', '1485.68', NULL, '2025-04-09 10:06:36', '2025-04-09 10:06:36'),
('178', '51', 'Cum eos fugit nulla.', '5.00', '213.87', '1069.35', '23.00', '245.95', NULL, '2025-04-09 10:06:36', '2025-04-09 10:06:36'),
('179', '51', 'Facere voluptatum voluptas et.', '7.00', '49.87', '349.09', '6.00', '20.95', NULL, '2025-04-09 10:06:36', '2025-04-09 10:06:36'),
('180', '51', 'Officiis harum culpa ea.', '6.00', '961.00', '5766.00', '23.00', '1326.18', NULL, '2025-04-09 10:06:36', '2025-04-09 10:06:36'),
('181', '52', 'Eos quia repellat enim.', '7.00', '419.06', '2933.42', '6.00', '176.01', NULL, '2025-04-09 10:06:36', '2025-04-09 10:06:36'),
('182', '52', 'Sit repudiandae rerum.', '8.00', '730.86', '5846.88', '6.00', '350.81', NULL, '2025-04-09 10:06:36', '2025-04-09 10:06:36'),
('183', '53', 'Id repudiandae illo aperiam.', '2.00', '235.06', '470.12', '6.00', '28.21', NULL, '2025-04-09 10:06:36', '2025-04-09 10:06:36'),
('184', '53', 'Harum soluta ad officia beatae.', '7.00', '241.37', '1689.59', '13.00', '219.65', NULL, '2025-04-09 10:06:36', '2025-04-09 10:06:36'),
('185', '53', 'Aut aut unde.', '9.00', '494.32', '4448.88', '23.00', '1023.24', NULL, '2025-04-09 10:06:36', '2025-04-09 10:06:36'),
('186', '53', 'Voluptatem inventore similique.', '5.00', '859.86', '4299.30', '23.00', '988.84', NULL, '2025-04-09 10:06:36', '2025-04-09 10:06:36'),
('187', '53', 'Quisquam distinctio.', '1.00', '138.49', '138.49', '6.00', '8.31', NULL, '2025-04-09 10:06:36', '2025-04-09 10:06:36'),
('188', '53', 'Laborum nostrum velit voluptatem.', '9.00', '132.57', '1193.13', '13.00', '155.11', NULL, '2025-04-09 10:06:36', '2025-04-09 10:06:36'),
('189', '54', 'Qui quos provident voluptatum.', '7.00', '354.54', '2481.78', '23.00', '570.81', NULL, '2025-04-09 10:06:36', '2025-04-09 10:06:36'),
('190', '54', 'Fugit molestiae quod corporis.', '3.00', '676.17', '2028.51', '23.00', '466.56', NULL, '2025-04-09 10:06:36', '2025-04-09 10:06:36'),
('191', '54', 'Et quia sit.', '3.00', '158.45', '475.35', '6.00', '28.52', NULL, '2025-04-09 10:06:36', '2025-04-09 10:06:36'),
('192', '54', 'Totam porro nihil.', '10.00', '260.01', '2600.10', '13.00', '338.01', NULL, '2025-04-09 10:06:36', '2025-04-09 10:06:36'),
('193', '54', 'Expedita perferendis quod.', '2.00', '34.59', '69.18', '6.00', '4.15', NULL, '2025-04-09 10:06:36', '2025-04-09 10:06:36'),
('194', '55', 'Molestiae sint.', '1.00', '138.14', '138.14', '13.00', '17.96', NULL, '2025-04-09 10:06:36', '2025-04-09 10:06:36'),
('195', '55', 'Qui aut dignissimos quam.', '2.00', '744.55', '1489.10', '13.00', '193.58', NULL, '2025-04-09 10:06:36', '2025-04-09 10:06:36'),
('196', '55', 'Ut necessitatibus ut.', '8.00', '459.61', '3676.88', '23.00', '845.68', NULL, '2025-04-09 10:06:36', '2025-04-09 10:06:36'),
('197', '55', 'Est officia saepe.', '5.00', '257.56', '1287.80', '13.00', '167.41', NULL, '2025-04-09 10:06:36', '2025-04-09 10:06:36'),
('198', '56', 'Autem nesciunt ipsum delectus.', '2.00', '269.46', '538.92', '13.00', '70.06', NULL, '2025-04-09 10:06:36', '2025-04-09 10:06:36'),
('199', '56', 'Nulla nobis fuga.', '6.00', '13.86', '83.16', '23.00', '19.13', NULL, '2025-04-09 10:06:36', '2025-04-09 10:06:36'),
('200', '56', 'Omnis ut ut quos.', '5.00', '353.17', '1765.85', '13.00', '229.56', NULL, '2025-04-09 10:06:36', '2025-04-09 10:06:36'),
('201', '57', 'Est dolorum ut.', '3.00', '768.14', '2304.42', '23.00', '530.02', NULL, '2025-04-09 10:06:36', '2025-04-09 10:06:36'),
('202', '57', 'Et voluptas ad sed.', '10.00', '136.67', '1366.70', '23.00', '314.34', NULL, '2025-04-09 10:06:36', '2025-04-09 10:06:36'),
('203', '57', 'Dolore ex rerum enim.', '8.00', '772.15', '6177.20', '6.00', '370.63', NULL, '2025-04-09 10:06:36', '2025-04-09 10:06:36'),
('204', '57', 'Aspernatur nemo nam ab.', '7.00', '248.73', '1741.11', '6.00', '104.47', NULL, '2025-04-09 10:06:36', '2025-04-09 10:06:36'),
('205', '57', 'Omnis eum.', '2.00', '271.48', '542.96', '23.00', '124.88', NULL, '2025-04-09 10:06:36', '2025-04-09 10:06:36'),
('206', '58', 'Reprehenderit dolores odit nam.', '3.00', '410.61', '1231.83', '13.00', '160.14', NULL, '2025-04-09 10:06:36', '2025-04-09 10:06:36'),
('207', '58', 'Doloremque voluptatibus qui unde.', '3.00', '247.21', '741.63', '6.00', '44.50', NULL, '2025-04-09 10:06:36', '2025-04-09 10:06:36'),
('208', '58', 'Et sed enim.', '8.00', '598.37', '4786.96', '23.00', '1101.00', NULL, '2025-04-09 10:06:36', '2025-04-09 10:06:36'),
('209', '58', 'Sit corporis quo.', '3.00', '220.30', '660.90', '23.00', '152.01', NULL, '2025-04-09 10:06:36', '2025-04-09 10:06:36'),
('210', '58', 'Ducimus omnis eum.', '5.00', '335.60', '1678.00', '23.00', '385.94', NULL, '2025-04-09 10:06:36', '2025-04-09 10:06:36'),
('211', '58', 'Aut eveniet doloribus rem.', '8.00', '179.86', '1438.88', '13.00', '187.05', NULL, '2025-04-09 10:06:36', '2025-04-09 10:06:36'),
('212', '59', 'Officiis est fuga.', '10.00', '216.62', '2166.20', '23.00', '498.23', NULL, '2025-04-09 10:06:36', '2025-04-09 10:06:36'),
('213', '59', 'Voluptatibus voluptatem non explicabo doloremque.', '9.00', '615.05', '5535.45', '6.00', '332.13', NULL, '2025-04-09 10:06:36', '2025-04-09 10:06:36'),
('214', '59', 'Dolor amet sed iusto.', '2.00', '848.21', '1696.42', '23.00', '390.18', NULL, '2025-04-09 10:06:36', '2025-04-09 10:06:36'),
('215', '59', 'Eaque voluptas doloremque.', '6.00', '197.75', '1186.50', '6.00', '71.19', NULL, '2025-04-09 10:06:36', '2025-04-09 10:06:36'),
('216', '59', 'Voluptate magnam est excepturi.', '2.00', '717.28', '1434.56', '23.00', '329.95', NULL, '2025-04-09 10:06:36', '2025-04-09 10:06:36'),
('217', '60', 'Quibusdam et placeat harum.', '4.00', '708.95', '2835.80', '23.00', '652.23', NULL, '2025-04-09 10:06:36', '2025-04-09 10:06:36'),
('218', '60', 'Dicta error magni.', '5.00', '14.66', '73.30', '6.00', '4.40', NULL, '2025-04-09 10:06:36', '2025-04-09 10:06:36'),
('219', '60', 'Et cum mollitia quia.', '2.00', '173.43', '346.86', '23.00', '79.78', NULL, '2025-04-09 10:06:36', '2025-04-09 10:06:36'),
('220', '60', 'Voluptatem iste.', '9.00', '429.21', '3862.89', '13.00', '502.18', NULL, '2025-04-09 10:06:36', '2025-04-09 10:06:36'),
('221', '61', 'Eum facilis voluptates.', '10.00', '743.08', '7430.80', '23.00', '1709.08', NULL, '2025-04-09 10:06:36', '2025-04-09 10:06:36'),
('222', '61', 'Odit ea adipisci molestiae.', '8.00', '910.64', '7285.12', '13.00', '947.07', NULL, '2025-04-09 10:06:36', '2025-04-09 10:06:36'),
('223', '61', 'Quia aut sed.', '1.00', '255.83', '255.83', '13.00', '33.26', NULL, '2025-04-09 10:06:36', '2025-04-09 10:06:36'),
('224', '61', 'Quos omnis fuga ipsum.', '5.00', '986.11', '4930.55', '13.00', '640.97', NULL, '2025-04-09 10:06:36', '2025-04-09 10:06:36'),
('225', '61', 'Totam architecto facere.', '8.00', '993.38', '7947.04', '23.00', '1827.82', NULL, '2025-04-09 10:06:36', '2025-04-09 10:06:36'),
('226', '61', 'Consequatur occaecati neque nesciunt.', '3.00', '627.45', '1882.35', '6.00', '112.94', NULL, '2025-04-09 10:06:36', '2025-04-09 10:06:36'),
('227', '62', 'In laudantium dicta fugit.', '5.00', '361.79', '1808.95', '13.00', '235.16', NULL, '2025-04-09 10:06:36', '2025-04-09 10:06:36'),
('228', '62', 'Ipsum rerum pariatur tenetur.', '3.00', '285.37', '856.11', '13.00', '111.29', NULL, '2025-04-09 10:06:36', '2025-04-09 10:06:36'),
('229', '63', 'Sint et illo.', '6.00', '147.46', '884.76', '23.00', '203.49', NULL, '2025-04-09 10:06:36', '2025-04-09 10:06:36'),
('230', '63', 'Et dolorem similique.', '3.00', '204.96', '614.88', '23.00', '141.42', NULL, '2025-04-09 10:06:36', '2025-04-09 10:06:36'),
('231', '63', 'Excepturi vitae animi quia.', '6.00', '884.20', '5305.20', '6.00', '318.31', NULL, '2025-04-09 10:06:36', '2025-04-09 10:06:36'),
('232', '64', 'Aut aut aut.', '10.00', '28.74', '287.40', '6.00', '17.24', NULL, '2025-04-09 10:06:36', '2025-04-09 10:06:36'),
('233', '64', 'Maxime quibusdam.', '2.00', '313.63', '627.26', '6.00', '37.64', NULL, '2025-04-09 10:06:36', '2025-04-09 10:06:36'),
('234', '64', 'Sint nihil sunt enim.', '3.00', '157.55', '472.65', '13.00', '61.44', NULL, '2025-04-09 10:06:36', '2025-04-09 10:06:36'),
('235', '64', 'Provident odit est.', '5.00', '846.84', '4234.20', '13.00', '550.45', NULL, '2025-04-09 10:06:36', '2025-04-09 10:06:36'),
('236', '64', 'Qui nemo voluptates voluptates.', '5.00', '477.14', '2385.70', '23.00', '548.71', NULL, '2025-04-09 10:06:36', '2025-04-09 10:06:36'),
('237', '64', 'Soluta assumenda sapiente cum.', '4.00', '510.60', '2042.40', '6.00', '122.54', NULL, '2025-04-09 10:06:36', '2025-04-09 10:06:36'),
('238', '65', 'Omnis qui fugiat.', '5.00', '994.91', '4974.55', '13.00', '646.69', NULL, '2025-04-09 10:06:36', '2025-04-09 10:06:36'),
('239', '65', 'Natus maiores minus unde.', '8.00', '303.96', '2431.68', '23.00', '559.29', NULL, '2025-04-09 10:06:36', '2025-04-09 10:06:36'),
('240', '65', 'Possimus et aliquid.', '1.00', '101.72', '101.72', '13.00', '13.22', NULL, '2025-04-09 10:06:36', '2025-04-09 10:06:36'),
('241', '65', 'Ut dolore voluptate sed.', '8.00', '727.70', '5821.60', '6.00', '349.30', NULL, '2025-04-09 10:06:36', '2025-04-09 10:06:36'),
('242', '65', 'Consectetur in omnis.', '7.00', '994.04', '6958.28', '6.00', '417.50', NULL, '2025-04-09 10:06:36', '2025-04-09 10:06:36'),
('243', '65', 'At itaque.', '3.00', '737.25', '2211.75', '23.00', '508.70', NULL, '2025-04-09 10:06:36', '2025-04-09 10:06:36'),
('244', '66', 'Cum atque deleniti esse.', '5.00', '311.52', '1557.60', '23.00', '358.25', NULL, '2025-04-09 10:06:36', '2025-04-09 10:06:36'),
('245', '67', 'Asperiores laborum est.', '3.00', '334.02', '1002.06', '23.00', '230.47', NULL, '2025-04-09 10:06:36', '2025-04-09 10:06:36'),
('246', '68', 'Qui blanditiis.', '1.00', '831.73', '831.73', '23.00', '191.30', NULL, '2025-04-09 10:06:36', '2025-04-09 10:06:36'),
('247', '68', 'Eligendi et fugit.', '9.00', '643.51', '5791.59', '23.00', '1332.07', NULL, '2025-04-09 10:06:36', '2025-04-09 10:06:36'),
('248', '68', 'Magni earum et vero.', '9.00', '889.03', '8001.27', '13.00', '1040.17', NULL, '2025-04-09 10:06:36', '2025-04-09 10:06:36'),
('249', '68', 'Voluptas distinctio voluptatum recusandae.', '2.00', '736.06', '1472.12', '23.00', '338.59', NULL, '2025-04-09 10:06:36', '2025-04-09 10:06:36'),
('250', '68', 'A quia.', '1.00', '870.80', '870.80', '23.00', '200.28', NULL, '2025-04-09 10:06:36', '2025-04-09 10:06:36'),
('251', '68', 'Qui tenetur.', '4.00', '25.99', '103.96', '6.00', '6.24', NULL, '2025-04-09 10:06:36', '2025-04-09 10:06:36'),
('252', '69', 'A incidunt dolorem alias.', '5.00', '993.93', '4969.65', '13.00', '646.05', NULL, '2025-04-09 10:06:36', '2025-04-09 10:06:36'),
('253', '70', 'Adipisci consequatur laborum repellendus.', '9.00', '685.85', '6172.65', '23.00', '1419.71', NULL, '2025-04-09 10:06:36', '2025-04-09 10:06:36'),
('254', '70', 'Id explicabo odio.', '3.00', '151.23', '453.69', '23.00', '104.35', NULL, '2025-04-09 10:06:36', '2025-04-09 10:06:36'),
('255', '71', 'Et est natus.', '6.00', '181.13', '1086.78', '23.00', '249.96', NULL, '2025-04-09 10:06:36', '2025-04-09 10:06:36'),
('256', '72', 'Quia ab cum minus molestiae.', '6.00', '331.66', '1989.96', '13.00', '258.69', NULL, '2025-04-09 10:06:36', '2025-04-09 10:06:36'),
('257', '72', 'Non sit odit illo.', '9.00', '911.12', '8200.08', '13.00', '1066.01', NULL, '2025-04-09 10:06:36', '2025-04-09 10:06:36'),
('258', '72', 'Molestiae qui aut et.', '5.00', '286.63', '1433.15', '6.00', '85.99', NULL, '2025-04-09 10:06:36', '2025-04-09 10:06:36'),
('259', '72', 'Exercitationem suscipit porro.', '4.00', '589.58', '2358.32', '13.00', '306.58', NULL, '2025-04-09 10:06:36', '2025-04-09 10:06:36'),
('260', '72', 'Voluptatum debitis.', '9.00', '626.38', '5637.42', '23.00', '1296.61', NULL, '2025-04-09 10:06:36', '2025-04-09 10:06:36'),
('261', '73', 'Quia ut nesciunt.', '6.00', '586.34', '3518.04', '23.00', '809.15', NULL, '2025-04-09 10:06:36', '2025-04-09 10:06:36'),
('262', '73', 'Accusantium dolorem assumenda magnam.', '1.00', '88.89', '88.89', '13.00', '11.56', NULL, '2025-04-09 10:06:36', '2025-04-09 10:06:36'),
('263', '74', 'Quasi libero est.', '2.00', '968.21', '1936.42', '13.00', '251.73', NULL, '2025-04-09 10:06:36', '2025-04-09 10:06:36'),
('264', '74', 'Enim voluptas voluptas.', '3.00', '211.07', '633.21', '6.00', '37.99', NULL, '2025-04-09 10:06:36', '2025-04-09 10:06:36'),
('265', '74', 'Voluptas id sed dolores.', '8.00', '583.89', '4671.12', '6.00', '280.27', NULL, '2025-04-09 10:06:36', '2025-04-09 10:06:36'),
('266', '74', 'Aliquid incidunt adipisci facilis.', '10.00', '511.71', '5117.10', '6.00', '307.03', NULL, '2025-04-09 10:06:36', '2025-04-09 10:06:36'),
('267', '75', 'Error nam ut at.', '2.00', '799.97', '1599.94', '23.00', '367.99', NULL, '2025-04-09 10:06:36', '2025-04-09 10:06:36'),
('268', '75', 'Error asperiores et.', '10.00', '269.86', '2698.60', '6.00', '161.92', NULL, '2025-04-09 10:06:36', '2025-04-09 10:06:36'),
('269', '76', 'Beatae quia iusto et.', '2.00', '859.51', '1719.02', '13.00', '223.47', NULL, '2025-04-09 10:06:36', '2025-04-09 10:06:36'),
('270', '76', 'Earum maxime voluptatibus.', '10.00', '471.10', '4711.00', '23.00', '1083.53', NULL, '2025-04-09 10:06:36', '2025-04-09 10:06:36'),
('271', '76', 'Ipsum sit aperiam voluptatem.', '1.00', '426.28', '426.28', '13.00', '55.42', NULL, '2025-04-09 10:06:36', '2025-04-09 10:06:36'),
('272', '76', 'Aut qui molestias.', '4.00', '42.63', '170.52', '6.00', '10.23', NULL, '2025-04-09 10:06:36', '2025-04-09 10:06:36'),
('273', '76', 'Voluptas et commodi.', '10.00', '911.21', '9112.10', '13.00', '1184.57', NULL, '2025-04-09 10:06:36', '2025-04-09 10:06:36'),
('274', '76', 'Delectus impedit.', '7.00', '564.48', '3951.36', '23.00', '908.81', NULL, '2025-04-09 10:06:36', '2025-04-09 10:06:36'),
('275', '77', 'Vitae tempore dolores.', '8.00', '636.10', '5088.80', '13.00', '661.54', NULL, '2025-04-09 10:06:36', '2025-04-09 10:06:36'),
('276', '77', 'Qui accusamus maiores.', '1.00', '436.43', '436.43', '13.00', '56.74', NULL, '2025-04-09 10:06:36', '2025-04-09 10:06:36'),
('277', '77', 'Assumenda dolore est rerum.', '10.00', '29.09', '290.90', '6.00', '17.45', NULL, '2025-04-09 10:06:36', '2025-04-09 10:06:36'),
('278', '77', 'Consequatur ullam perferendis.', '9.00', '946.20', '8515.80', '13.00', '1107.05', NULL, '2025-04-09 10:06:36', '2025-04-09 10:06:36'),
('279', '78', 'Laboriosam omnis reprehenderit.', '7.00', '837.71', '5863.97', '6.00', '351.84', NULL, '2025-04-09 10:06:36', '2025-04-09 10:06:36'),
('280', '79', 'Reiciendis quaerat.', '6.00', '227.17', '1363.02', '23.00', '313.49', NULL, '2025-04-09 10:06:36', '2025-04-09 10:06:36'),
('281', '79', 'Ut aut enim.', '1.00', '381.42', '381.42', '6.00', '22.89', NULL, '2025-04-09 10:06:36', '2025-04-09 10:06:36'),
('282', '79', 'Fuga atque rerum totam.', '10.00', '557.04', '5570.40', '13.00', '724.15', NULL, '2025-04-09 10:06:36', '2025-04-09 10:06:36'),
('283', '79', 'Distinctio ratione.', '7.00', '544.68', '3812.76', '13.00', '495.66', NULL, '2025-04-09 10:06:36', '2025-04-09 10:06:36'),
('284', '80', 'Placeat alias.', '8.00', '515.26', '4122.08', '13.00', '535.87', NULL, '2025-04-09 10:06:36', '2025-04-09 10:06:36'),
('285', '80', 'Labore corrupti eum.', '6.00', '560.11', '3360.66', '23.00', '772.95', NULL, '2025-04-09 10:06:36', '2025-04-09 10:06:36'),
('286', '80', 'Et temporibus molestias cupiditate.', '3.00', '537.10', '1611.30', '23.00', '370.60', NULL, '2025-04-09 10:06:36', '2025-04-09 10:06:36'),
('287', '80', 'Aut maxime facere nam.', '5.00', '684.79', '3423.95', '6.00', '205.44', NULL, '2025-04-09 10:06:36', '2025-04-09 10:06:36'),
('288', '81', 'Veniam pariatur dolor.', '2.00', '585.82', '1171.64', '13.00', '152.31', NULL, '2025-04-09 10:06:36', '2025-04-09 10:06:36'),
('289', '82', 'Exercitationem quis nihil sequi.', '2.00', '378.08', '756.16', '13.00', '98.30', NULL, '2025-04-09 10:06:36', '2025-04-09 10:06:36'),
('290', '82', 'Soluta minus voluptas.', '2.00', '464.55', '929.10', '6.00', '55.75', NULL, '2025-04-09 10:06:36', '2025-04-09 10:06:36'),
('291', '82', 'Labore esse quo.', '6.00', '479.99', '2879.94', '6.00', '172.80', NULL, '2025-04-09 10:06:36', '2025-04-09 10:06:36'),
('292', '82', 'Nam rerum sunt laudantium natus.', '2.00', '874.00', '1748.00', '6.00', '104.88', NULL, '2025-04-09 10:06:36', '2025-04-09 10:06:36'),
('293', '82', 'Harum et qui enim.', '9.00', '901.55', '8113.95', '13.00', '1054.81', NULL, '2025-04-09 10:06:36', '2025-04-09 10:06:36'),
('294', '82', 'Quos eius.', '10.00', '584.87', '5848.70', '6.00', '350.92', NULL, '2025-04-09 10:06:36', '2025-04-09 10:06:36'),
('295', '83', 'Quo molestiae excepturi.', '5.00', '301.31', '1506.55', '6.00', '90.39', NULL, '2025-04-09 10:06:36', '2025-04-09 10:06:36'),
('296', '83', 'Labore veniam.', '2.00', '258.37', '516.74', '13.00', '67.18', NULL, '2025-04-09 10:06:36', '2025-04-09 10:06:36'),
('297', '83', 'Molestias voluptas.', '10.00', '767.81', '7678.10', '13.00', '998.15', NULL, '2025-04-09 10:06:36', '2025-04-09 10:06:36'),
('298', '83', 'Quaerat necessitatibus at nam.', '4.00', '958.04', '3832.16', '6.00', '229.93', NULL, '2025-04-09 10:06:36', '2025-04-09 10:06:36'),
('299', '83', 'Magnam aliquid quisquam repudiandae.', '5.00', '965.97', '4829.85', '13.00', '627.88', NULL, '2025-04-09 10:06:36', '2025-04-09 10:06:36'),
('300', '84', 'Officiis soluta fugiat eveniet.', '8.00', '47.71', '381.68', '13.00', '49.62', NULL, '2025-04-09 10:06:36', '2025-04-09 10:06:36'),
('301', '84', 'Vel modi.', '9.00', '117.13', '1054.17', '13.00', '137.04', NULL, '2025-04-09 10:06:36', '2025-04-09 10:06:36'),
('302', '84', 'Sint ea voluptates dicta necessitatibus.', '4.00', '223.14', '892.56', '6.00', '53.55', NULL, '2025-04-09 10:06:36', '2025-04-09 10:06:36'),
('303', '84', 'Aspernatur et molestiae qui.', '6.00', '707.41', '4244.46', '23.00', '976.23', NULL, '2025-04-09 10:06:36', '2025-04-09 10:06:36'),
('304', '84', 'Rerum porro ut accusantium.', '10.00', '242.43', '2424.30', '23.00', '557.59', NULL, '2025-04-09 10:06:36', '2025-04-09 10:06:36'),
('305', '84', 'Necessitatibus eligendi inventore.', '8.00', '853.80', '6830.40', '6.00', '409.82', NULL, '2025-04-09 10:06:36', '2025-04-09 10:06:36'),
('306', '85', 'Est consequatur a.', '1.00', '314.25', '314.25', '23.00', '72.28', NULL, '2025-04-09 10:06:36', '2025-04-09 10:06:36'),
('307', '85', 'Nam cupiditate qui.', '10.00', '462.27', '4622.70', '13.00', '600.95', NULL, '2025-04-09 10:06:36', '2025-04-09 10:06:36'),
('308', '85', 'Dignissimos sunt expedita asperiores.', '4.00', '767.70', '3070.80', '23.00', '706.28', NULL, '2025-04-09 10:06:36', '2025-04-09 10:06:36'),
('309', '85', 'Natus aut dicta.', '3.00', '378.75', '1136.25', '13.00', '147.71', NULL, '2025-04-09 10:06:36', '2025-04-09 10:06:36'),
('310', '86', 'Consequatur quae tempora.', '4.00', '282.22', '1128.88', '23.00', '259.64', NULL, '2025-04-09 10:06:36', '2025-04-09 10:06:36'),
('311', '86', 'Ut rerum quasi voluptas.', '7.00', '837.85', '5864.95', '6.00', '351.90', NULL, '2025-04-09 10:06:36', '2025-04-09 10:06:36'),
('312', '86', 'Veritatis omnis voluptas sunt.', '2.00', '741.79', '1483.58', '6.00', '89.01', NULL, '2025-04-09 10:06:36', '2025-04-09 10:06:36'),
('313', '86', 'Modi natus sunt aliquid.', '5.00', '427.51', '2137.55', '6.00', '128.25', NULL, '2025-04-09 10:06:36', '2025-04-09 10:06:36'),
('314', '87', 'Hic ab et tempora.', '1.00', '71.49', '71.49', '23.00', '16.44', NULL, '2025-04-09 10:06:36', '2025-04-09 10:06:36'),
('315', '87', 'Inventore vitae labore neque.', '6.00', '169.82', '1018.92', '6.00', '61.14', NULL, '2025-04-09 10:06:36', '2025-04-09 10:06:36'),
('316', '88', 'Dolor sint odio.', '5.00', '956.63', '4783.15', '13.00', '621.81', NULL, '2025-04-09 10:06:36', '2025-04-09 10:06:36'),
('317', '89', 'Adipisci et ullam.', '8.00', '935.62', '7484.96', '13.00', '973.04', NULL, '2025-04-09 10:06:36', '2025-04-09 10:06:36'),
('318', '89', 'Et omnis magni.', '7.00', '992.77', '6949.39', '23.00', '1598.36', NULL, '2025-04-09 10:06:36', '2025-04-09 10:06:36'),
('319', '89', 'Sapiente ut a odit molestiae.', '7.00', '442.17', '3095.19', '23.00', '711.89', NULL, '2025-04-09 10:06:36', '2025-04-09 10:06:36'),
('320', '89', 'Dolor laboriosam at.', '3.00', '794.08', '2382.24', '23.00', '547.92', NULL, '2025-04-09 10:06:36', '2025-04-09 10:06:36'),
('321', '90', 'Maiores omnis consectetur.', '1.00', '203.87', '203.87', '13.00', '26.50', NULL, '2025-04-09 10:06:36', '2025-04-09 10:06:36'),
('322', '90', 'Necessitatibus enim facere.', '1.00', '788.65', '788.65', '23.00', '181.39', NULL, '2025-04-09 10:06:36', '2025-04-09 10:06:36'),
('323', '91', 'Voluptas modi qui.', '4.00', '935.15', '3740.60', '23.00', '860.34', NULL, '2025-04-09 10:06:36', '2025-04-09 10:06:36'),
('324', '91', 'Repellendus distinctio accusantium.', '6.00', '868.78', '5212.68', '6.00', '312.76', NULL, '2025-04-09 10:06:36', '2025-04-09 10:06:36'),
('325', '91', 'Labore nemo et.', '7.00', '996.81', '6977.67', '23.00', '1604.86', NULL, '2025-04-09 10:06:36', '2025-04-09 10:06:36'),
('326', '91', 'Voluptatem et ut expedita.', '6.00', '130.68', '784.08', '6.00', '47.04', NULL, '2025-04-09 10:06:36', '2025-04-09 10:06:36'),
('327', '91', 'Modi voluptatem tenetur.', '9.00', '577.80', '5200.20', '23.00', '1196.05', NULL, '2025-04-09 10:06:36', '2025-04-09 10:06:36'),
('328', '91', 'Et in vitae.', '9.00', '356.57', '3209.13', '13.00', '417.19', NULL, '2025-04-09 10:06:36', '2025-04-09 10:06:36'),
('329', '92', 'Velit voluptatem ut velit eveniet.', '7.00', '167.81', '1174.67', '13.00', '152.71', NULL, '2025-04-09 10:06:36', '2025-04-09 10:06:36'),
('330', '92', 'Assumenda quo atque voluptas.', '8.00', '646.67', '5173.36', '23.00', '1189.87', NULL, '2025-04-09 10:06:36', '2025-04-09 10:06:36'),
('331', '93', 'Omnis dicta.', '3.00', '235.88', '707.64', '23.00', '162.76', NULL, '2025-04-09 10:06:36', '2025-04-09 10:06:36'),
('332', '93', 'Qui similique architecto dolore.', '9.00', '39.84', '358.56', '23.00', '82.47', NULL, '2025-04-09 10:06:36', '2025-04-09 10:06:36'),
('333', '93', 'Et tempora.', '3.00', '304.10', '912.30', '6.00', '54.74', NULL, '2025-04-09 10:06:36', '2025-04-09 10:06:36'),
('334', '93', 'Est at nihil unde.', '10.00', '389.33', '3893.30', '6.00', '233.60', NULL, '2025-04-09 10:06:36', '2025-04-09 10:06:36'),
('335', '94', 'Aliquam et qui molestiae.', '1.00', '396.89', '396.89', '6.00', '23.81', NULL, '2025-04-09 10:06:36', '2025-04-09 10:06:36'),
('336', '94', 'Consequatur sequi.', '9.00', '477.37', '4296.33', '6.00', '257.78', NULL, '2025-04-09 10:06:36', '2025-04-09 10:06:36'),
('337', '95', 'Dolor velit unde.', '9.00', '456.52', '4108.68', '6.00', '246.52', NULL, '2025-04-09 10:06:36', '2025-04-09 10:06:36'),
('338', '95', 'Exercitationem illo atque ratione.', '4.00', '508.12', '2032.48', '13.00', '264.22', NULL, '2025-04-09 10:06:36', '2025-04-09 10:06:36'),
('339', '96', 'Pariatur officia aliquam id ut.', '3.00', '824.13', '2472.39', '6.00', '148.34', NULL, '2025-04-09 10:06:36', '2025-04-09 10:06:36'),
('340', '96', 'Error nemo excepturi assumenda.', '7.00', '404.14', '2828.98', '6.00', '169.74', NULL, '2025-04-09 10:06:36', '2025-04-09 10:06:36'),
('341', '96', 'Unde laborum nulla repudiandae.', '7.00', '351.78', '2462.46', '6.00', '147.75', NULL, '2025-04-09 10:06:36', '2025-04-09 10:06:36'),
('342', '97', 'Quia tempora velit aperiam.', '10.00', '849.58', '8495.80', '13.00', '1104.45', NULL, '2025-04-09 10:06:36', '2025-04-09 10:06:36'),
('343', '97', 'Id harum error dolor.', '4.00', '299.53', '1198.12', '13.00', '155.76', NULL, '2025-04-09 10:06:36', '2025-04-09 10:06:36'),
('344', '97', 'Neque rerum.', '4.00', '466.64', '1866.56', '13.00', '242.65', NULL, '2025-04-09 10:06:36', '2025-04-09 10:06:36'),
('345', '98', 'Quis id sunt non et.', '3.00', '785.54', '2356.62', '6.00', '141.40', NULL, '2025-04-09 10:06:36', '2025-04-09 10:06:36'),
('346', '98', 'Molestiae corrupti ipsum ut occaecati.', '5.00', '416.21', '2081.05', '6.00', '124.86', NULL, '2025-04-09 10:06:36', '2025-04-09 10:06:36'),
('347', '98', 'Sed dolores accusantium.', '1.00', '733.59', '733.59', '23.00', '168.73', NULL, '2025-04-09 10:06:36', '2025-04-09 10:06:36'),
('348', '98', 'Perspiciatis eligendi delectus.', '10.00', '802.96', '8029.60', '23.00', '1846.81', NULL, '2025-04-09 10:06:36', '2025-04-09 10:06:36'),
('349', '98', 'Ab recusandae sed.', '5.00', '794.42', '3972.10', '13.00', '516.37', NULL, '2025-04-09 10:06:36', '2025-04-09 10:06:36'),
('350', '99', 'Omnis dolorem dignissimos eligendi.', '5.00', '279.20', '1396.00', '23.00', '321.08', NULL, '2025-04-09 10:06:36', '2025-04-09 10:06:36'),
('351', '99', 'Atque eligendi sit quo.', '6.00', '958.95', '5753.70', '13.00', '747.98', NULL, '2025-04-09 10:06:36', '2025-04-09 10:06:36'),
('352', '99', 'Et dolores.', '3.00', '549.01', '1647.03', '6.00', '98.82', NULL, '2025-04-09 10:06:36', '2025-04-09 10:06:36'),
('353', '99', 'Dolores deleniti aliquid.', '3.00', '601.38', '1804.14', '13.00', '234.54', NULL, '2025-04-09 10:06:36', '2025-04-09 10:06:36'),
('354', '99', 'Sint et quaerat doloribus id.', '7.00', '904.23', '6329.61', '6.00', '379.78', NULL, '2025-04-09 10:06:36', '2025-04-09 10:06:36'),
('355', '100', 'Repellat assumenda consectetur.', '6.00', '240.50', '1443.00', '13.00', '187.59', NULL, '2025-04-09 10:06:36', '2025-04-09 10:06:36'),
('356', '100', 'Enim ut expedita.', '9.00', '719.84', '6478.56', '6.00', '388.71', NULL, '2025-04-09 10:06:36', '2025-04-09 10:06:36'),
('357', '101', 'Vero fugiat ipsa.', '10.00', '387.73', '3877.30', '23.00', '891.78', NULL, '2025-04-09 10:06:36', '2025-04-09 10:06:36'),
('358', '101', 'Ut illo.', '4.00', '218.27', '873.08', '23.00', '200.81', NULL, '2025-04-09 10:06:36', '2025-04-09 10:06:36'),
('359', '102', 'Repudiandae quidem autem aliquid.', '10.00', '950.83', '9508.30', '23.00', '2186.91', NULL, '2025-04-09 10:06:36', '2025-04-09 10:06:36'),
('360', '102', 'Deserunt molestiae.', '1.00', '57.31', '57.31', '13.00', '7.45', NULL, '2025-04-09 10:06:36', '2025-04-09 10:06:36'),
('361', '102', 'Qui et quam aut.', '1.00', '271.03', '271.03', '6.00', '16.26', NULL, '2025-04-09 10:06:36', '2025-04-09 10:06:36'),
('362', '102', 'Iure aperiam est.', '7.00', '650.18', '4551.26', '13.00', '591.66', NULL, '2025-04-09 10:06:36', '2025-04-09 10:06:36'),
('363', '102', 'Sapiente nemo velit.', '10.00', '450.21', '4502.10', '6.00', '270.13', NULL, '2025-04-09 10:06:36', '2025-04-09 10:06:36'),
('364', '102', 'Ut recusandae quis neque.', '7.00', '50.25', '351.75', '23.00', '80.90', NULL, '2025-04-09 10:06:36', '2025-04-09 10:06:36'),
('365', '103', 'Molestiae nesciunt non.', '9.00', '737.68', '6639.12', '13.00', '863.09', NULL, '2025-04-09 10:06:36', '2025-04-09 10:06:36'),
('366', '104', 'Et quos quo saepe.', '10.00', '413.31', '4133.10', '23.00', '950.61', NULL, '2025-04-09 10:06:36', '2025-04-09 10:06:36'),
('367', '105', 'Ratione consequatur.', '4.00', '806.97', '3227.88', '13.00', '419.62', NULL, '2025-04-09 10:06:36', '2025-04-09 10:06:36'),
('368', '105', 'Aut magnam voluptatem nisi.', '1.00', '431.81', '431.81', '13.00', '56.14', NULL, '2025-04-09 10:06:36', '2025-04-09 10:06:36'),
('369', '105', 'Est provident.', '10.00', '687.41', '6874.10', '6.00', '412.45', NULL, '2025-04-09 10:06:36', '2025-04-09 10:06:36'),
('370', '106', 'Iure impedit sequi qui.', '8.00', '436.01', '3488.08', '23.00', '802.26', NULL, '2025-04-09 10:06:36', '2025-04-09 10:06:36'),
('371', '106', 'Numquam assumenda.', '7.00', '955.84', '6690.88', '23.00', '1538.90', NULL, '2025-04-09 10:06:36', '2025-04-09 10:06:36'),
('372', '106', 'Rerum ullam et repellendus autem.', '3.00', '487.16', '1461.48', '13.00', '189.99', NULL, '2025-04-09 10:06:36', '2025-04-09 10:06:36'),
('373', '107', 'Fuga molestias error.', '2.00', '94.32', '188.64', '6.00', '11.32', NULL, '2025-04-09 10:06:36', '2025-04-09 10:06:36'),
('374', '107', 'Ut voluptas dolorem amet rem.', '6.00', '396.22', '2377.32', '23.00', '546.78', NULL, '2025-04-09 10:06:36', '2025-04-09 10:06:36'),
('375', '107', 'Sit commodi voluptatum nemo et.', '9.00', '965.74', '8691.66', '13.00', '1129.92', NULL, '2025-04-09 10:06:36', '2025-04-09 10:06:36'),
('376', '107', 'Et ut.', '5.00', '879.48', '4397.40', '23.00', '1011.40', NULL, '2025-04-09 10:06:36', '2025-04-09 10:06:36'),
('377', '108', 'Aut eum ea molestiae.', '1.00', '284.91', '284.91', '6.00', '17.09', NULL, '2025-04-09 10:06:36', '2025-04-09 10:06:36'),
('378', '108', 'Nihil ducimus enim.', '4.00', '913.43', '3653.72', '13.00', '474.98', NULL, '2025-04-09 10:06:36', '2025-04-09 10:06:36'),
('379', '108', 'Nostrum exercitationem et sed.', '7.00', '543.22', '3802.54', '13.00', '494.33', NULL, '2025-04-09 10:06:36', '2025-04-09 10:06:36'),
('380', '108', 'Saepe qui alias est.', '7.00', '120.06', '840.42', '23.00', '193.30', NULL, '2025-04-09 10:06:36', '2025-04-09 10:06:36'),
('381', '109', 'Natus at nisi.', '6.00', '45.41', '272.46', '23.00', '62.67', NULL, '2025-04-09 10:06:36', '2025-04-09 10:06:36'),
('382', '109', 'Cumque sint molestiae deserunt.', '9.00', '508.72', '4578.48', '13.00', '595.20', NULL, '2025-04-09 10:06:36', '2025-04-09 10:06:36'),
('383', '109', 'Quis rerum et esse.', '6.00', '173.67', '1042.02', '6.00', '62.52', NULL, '2025-04-09 10:06:36', '2025-04-09 10:06:36'),
('384', '109', 'Atque et odio sed.', '8.00', '330.40', '2643.20', '23.00', '607.94', NULL, '2025-04-09 10:06:36', '2025-04-09 10:06:36'),
('385', '109', 'Nihil vel at error repellendus.', '10.00', '808.35', '8083.50', '23.00', '1859.21', NULL, '2025-04-09 10:06:36', '2025-04-09 10:06:36'),
('386', '110', 'Earum aut eos ut.', '1.00', '86.04', '86.04', '6.00', '5.16', NULL, '2025-04-09 10:06:36', '2025-04-09 10:06:36'),
('387', '110', 'Officiis eum temporibus aut.', '9.00', '761.91', '6857.19', '6.00', '411.43', NULL, '2025-04-09 10:06:36', '2025-04-09 10:06:36'),
('388', '111', 'Voluptatibus alias harum.', '4.00', '46.84', '187.36', '6.00', '11.24', NULL, '2025-04-09 10:06:36', '2025-04-09 10:06:36'),
('389', '111', 'Omnis numquam laboriosam.', '9.00', '611.21', '5500.89', '6.00', '330.05', NULL, '2025-04-09 10:06:36', '2025-04-09 10:06:36'),
('390', '111', 'Nihil at quaerat.', '10.00', '936.54', '9365.40', '13.00', '1217.50', NULL, '2025-04-09 10:06:36', '2025-04-09 10:06:36'),
('391', '111', 'Ipsa aliquid consequatur.', '5.00', '909.01', '4545.05', '13.00', '590.86', NULL, '2025-04-09 10:06:36', '2025-04-09 10:06:36'),
('392', '112', 'Minus cum ut.', '7.00', '615.33', '4307.31', '6.00', '258.44', NULL, '2025-04-09 10:06:36', '2025-04-09 10:06:36'),
('393', '113', 'Vel dolores perspiciatis.', '8.00', '150.45', '1203.60', '6.00', '72.22', NULL, '2025-04-09 10:06:36', '2025-04-09 10:06:36'),
('394', '113', 'Ut numquam provident ab.', '6.00', '27.25', '163.50', '13.00', '21.26', NULL, '2025-04-09 10:06:36', '2025-04-09 10:06:36'),
('395', '113', 'Quis voluptates est.', '4.00', '840.74', '3362.96', '13.00', '437.18', NULL, '2025-04-09 10:06:36', '2025-04-09 10:06:36'),
('396', '113', 'Est quidem explicabo.', '3.00', '889.86', '2669.58', '23.00', '614.00', NULL, '2025-04-09 10:06:36', '2025-04-09 10:06:36'),
('397', '113', 'Nostrum sit unde quis.', '1.00', '423.14', '423.14', '13.00', '55.01', NULL, '2025-04-09 10:06:36', '2025-04-09 10:06:36'),
('398', '114', 'Dignissimos debitis.', '10.00', '78.57', '785.70', '13.00', '102.14', NULL, '2025-04-09 10:06:36', '2025-04-09 10:06:36'),
('399', '114', 'Aut iste esse.', '3.00', '231.46', '694.38', '13.00', '90.27', NULL, '2025-04-09 10:06:36', '2025-04-09 10:06:36'),
('400', '114', 'Odit sapiente officiis adipisci.', '3.00', '337.46', '1012.38', '6.00', '60.74', NULL, '2025-04-09 10:06:36', '2025-04-09 10:06:36'),
('401', '114', 'Repudiandae cum facilis.', '3.00', '433.97', '1301.91', '6.00', '78.11', NULL, '2025-04-09 10:06:36', '2025-04-09 10:06:36'),
('402', '114', 'Id quo commodi dolorem.', '5.00', '671.25', '3356.25', '13.00', '436.31', NULL, '2025-04-09 10:06:36', '2025-04-09 10:06:36'),
('403', '114', 'Corporis illo sint.', '4.00', '777.17', '3108.68', '23.00', '715.00', NULL, '2025-04-09 10:06:36', '2025-04-09 10:06:36'),
('404', '115', 'Aut iusto amet.', '4.00', '612.80', '2451.20', '13.00', '318.66', NULL, '2025-04-09 10:06:36', '2025-04-09 10:06:36'),
('405', '115', 'Blanditiis voluptates quas illo.', '5.00', '995.74', '4978.70', '13.00', '647.23', NULL, '2025-04-09 10:06:36', '2025-04-09 10:06:36'),
('406', '115', 'Et quis iusto.', '7.00', '537.42', '3761.94', '13.00', '489.05', NULL, '2025-04-09 10:06:36', '2025-04-09 10:06:36'),
('407', '115', 'Harum porro quia.', '8.00', '391.93', '3135.44', '23.00', '721.15', NULL, '2025-04-09 10:06:36', '2025-04-09 10:06:36'),
('408', '115', 'Ut voluptatem.', '9.00', '625.47', '5629.23', '6.00', '337.75', NULL, '2025-04-09 10:06:36', '2025-04-09 10:06:36'),
('409', '115', 'Hic illo id.', '4.00', '281.78', '1127.12', '6.00', '67.63', NULL, '2025-04-09 10:06:36', '2025-04-09 10:06:36'),
('410', '116', 'Voluptatibus omnis repellat ex consequuntur.', '2.00', '56.09', '112.18', '23.00', '25.80', NULL, '2025-04-09 10:06:36', '2025-04-09 10:06:36'),
('411', '116', 'Iusto aut nulla.', '9.00', '204.24', '1838.16', '23.00', '422.78', NULL, '2025-04-09 10:06:36', '2025-04-09 10:06:36'),
('412', '116', 'Maiores tempora blanditiis et.', '3.00', '208.75', '626.25', '13.00', '81.41', NULL, '2025-04-09 10:06:36', '2025-04-09 10:06:36'),
('413', '116', 'Maiores soluta fugiat ab.', '1.00', '495.52', '495.52', '13.00', '64.42', NULL, '2025-04-09 10:06:36', '2025-04-09 10:06:36'),
('414', '117', 'Dicta aut.', '9.00', '698.22', '6283.98', '13.00', '816.92', NULL, '2025-04-09 10:06:36', '2025-04-09 10:06:36'),
('415', '117', 'Distinctio est asperiores eum expedita.', '2.00', '927.60', '1855.20', '23.00', '426.70', NULL, '2025-04-09 10:06:36', '2025-04-09 10:06:36'),
('416', '117', 'Dolore quia assumenda optio.', '9.00', '890.25', '8012.25', '13.00', '1041.59', NULL, '2025-04-09 10:06:36', '2025-04-09 10:06:36'),
('417', '118', 'Occaecati rerum dicta non.', '10.00', '173.64', '1736.40', '13.00', '225.73', NULL, '2025-04-09 10:06:36', '2025-04-09 10:06:36'),
('418', '118', 'Autem atque est saepe.', '8.00', '710.25', '5682.00', '13.00', '738.66', NULL, '2025-04-09 10:06:36', '2025-04-09 10:06:36'),
('419', '119', 'Voluptatem autem corporis culpa.', '6.00', '802.01', '4812.06', '6.00', '288.72', NULL, '2025-04-09 10:06:36', '2025-04-09 10:06:36'),
('420', '119', 'Quam autem quod error.', '9.00', '485.16', '4366.44', '13.00', '567.64', NULL, '2025-04-09 10:06:36', '2025-04-09 10:06:36'),
('421', '120', 'Velit quia voluptas corporis.', '10.00', '29.89', '298.90', '13.00', '38.86', NULL, '2025-04-09 10:06:36', '2025-04-09 10:06:36'),
('422', '120', 'Exercitationem ab ex.', '10.00', '931.32', '9313.20', '23.00', '2142.04', NULL, '2025-04-09 10:06:36', '2025-04-09 10:06:36'),
('423', '120', 'Aspernatur in.', '1.00', '476.57', '476.57', '6.00', '28.59', NULL, '2025-04-09 10:06:36', '2025-04-09 10:06:36'),
('424', '120', 'Nihil sunt repellat nam.', '2.00', '276.58', '553.16', '13.00', '71.91', NULL, '2025-04-09 10:06:36', '2025-04-09 10:06:36'),
('425', '121', 'Dolor eos perferendis recusandae.', '1.00', '67.41', '67.41', '13.00', '8.76', NULL, '2025-04-09 10:06:36', '2025-04-09 10:06:36'),
('426', '121', 'Alias sequi ex iste.', '8.00', '597.75', '4782.00', '6.00', '286.92', NULL, '2025-04-09 10:06:36', '2025-04-09 10:06:36'),
('427', '121', 'Molestiae aperiam.', '8.00', '251.39', '2011.12', '13.00', '261.45', NULL, '2025-04-09 10:06:36', '2025-04-09 10:06:36'),
('428', '121', 'Officia error et.', '7.00', '116.49', '815.43', '23.00', '187.55', NULL, '2025-04-09 10:06:36', '2025-04-09 10:06:36'),
('429', '122', 'Aut assumenda explicabo.', '10.00', '70.65', '706.50', '23.00', '162.50', NULL, '2025-04-09 10:06:36', '2025-04-09 10:06:36'),
('430', '124', 'Arroz', '1.00', '10.00', '12.30', '23.00', '2.30', NULL, '2025-04-09 14:35:54', '2025-04-09 14:35:54'),
('431', '124', 'Batata', '2.00', '6.00', '14.76', '23.00', '2.76', NULL, '2025-04-09 14:35:54', '2025-04-09 14:35:54'),
('432', '124', 'Peito de Frango', '4.00', '100.00', '492.00', '23.00', '92.00', NULL, '2025-04-09 14:35:54', '2025-04-09 14:35:54'),
('433', '124', 'Leite UHT', '10.00', '2.00', '21.00', '5.00', '1.00', NULL, '2025-04-09 14:35:54', '2025-04-09 14:35:54'),
('434', '125', 'Iphone 16 Pro Max', '10.00', '1500.00', '18450.00', '23.00', '3450.00', NULL, '2025-04-09 15:00:35', '2025-04-09 15:00:35'),
('435', '125', 'Galaxy S25 Pro', '5.00', '1100.00', '6765.00', '23.00', '1265.00', NULL, '2025-04-09 15:00:36', '2025-04-09 15:00:36'),
('436', '126', 'Iphone 16 Pro Max', '2.00', '1400.00', '3444.00', '23.00', '644.00', NULL, '2025-04-09 15:03:21', '2025-04-09 15:03:21'),
('437', '126', 'Galaxy S25 Pro', '1.00', '900.00', '1107.00', '23.00', '207.00', NULL, '2025-04-09 15:03:21', '2025-04-09 15:03:21'),
('438', '127', 'Iphone 16 Pro Max', '10.00', '1200.00', '13680.00', '14.00', '1680.00', NULL, '2025-04-09 15:15:05', '2025-04-09 15:15:05'),
('439', '127', 'Galaxy S25 Pro', '10.00', '800.00', '9440.00', '18.00', '1440.00', NULL, '2025-04-09 15:15:05', '2025-04-09 15:15:05'),
('440', '128', 'Mesa de madeira', '10.00', '100.00', '1150.00', '15.00', '150.00', NULL, '2025-04-10 09:31:40', '2025-04-10 09:31:40'),
('441', '128', 'Cadeira plástica', '10.00', '20.00', '230.00', '15.00', '30.00', NULL, '2025-04-10 09:31:40', '2025-04-10 09:31:40'),
('442', '129', 'Iphone 16 Pro Max', '10.00', '1000.00', '11500.00', '15.00', '1500.00', NULL, '2025-04-10 10:15:31', '2025-04-10 10:15:31'),
('443', '129', 'Iphone 13 Pro Max', '10.00', '800.00', '9600.00', '20.00', '1600.00', NULL, '2025-04-10 10:15:31', '2025-04-10 10:15:31'),
('444', '129', 'Iphone 16 Mini', '10.00', '600.00', '6900.00', '15.00', '900.00', NULL, '2025-04-10 10:16:20', '2025-04-10 10:16:20'),
('445', '130', 'Uvas', '10.00', '0.50', '5.75', '15.00', '0.75', NULL, '2025-04-10 14:40:25', '2025-04-10 14:40:25'),
('446', '130', 'Laranjas', '100.00', '0.80', '88.00', '10.00', '8.00', NULL, '2025-04-10 14:40:25', '2025-04-10 14:40:25'),
('447', '130', 'Banana', '30.00', '1.00', '33.00', '10.00', '3.00', NULL, '2025-04-10 14:40:25', '2025-04-10 14:40:25'),
('448', '131', 'Iphone 16 Pro Max', '10.00', '800.00', '9840.00', '23.00', '1840.00', NULL, '2025-04-11 08:48:30', '2025-04-11 08:48:30'),
('452', '134', 'Iphone 16 Pro Max', '10.00', '900.00', '11070.00', '23.00', '2070.00', NULL, '2025-04-11 10:21:23', '2025-04-11 10:21:23'),
('454', '136', 'Vinho Tinto', '100.00', '1.20', '147.60', '23.00', '27.60', NULL, '2025-04-14 08:29:33', '2025-04-14 08:29:33'),
('455', '134', 'Iphone 16 Pro Max', '10.00', '1000.00', '12300.00', '23.00', '2300.00', NULL, '2025-04-14 08:37:21', '2025-04-14 08:37:21'),
('463', '134', 'TV 40\"', '10.00', '899.00', '11057.70', '23.00', '2067.70', NULL, '2025-04-14 08:49:29', '2025-04-14 08:49:29')
;

-- Table structure for table `invoice_logs`
DROP TABLE IF EXISTS `invoice_logs`;
CREATE TABLE `invoice_logs` (
  `id` bigint unsigned NOT NULL AUTO_INCREMENT,
  `invoice_id` bigint unsigned NOT NULL,
  `user_id` bigint unsigned DEFAULT NULL,
  `action` varchar(255) COLLATE utf8mb4_unicode_ci NOT NULL,
  `description` varchar(255) COLLATE utf8mb4_unicode_ci NOT NULL,
  `old_values` json DEFAULT NULL,
  `new_values` json DEFAULT NULL,
  `created_at` timestamp NULL DEFAULT NULL,
  `updated_at` timestamp NULL DEFAULT NULL,
  PRIMARY KEY (`id`),
  KEY `invoice_logs_invoice_id_foreign` (`invoice_id`),
  KEY `invoice_logs_user_id_foreign` (`user_id`),
  CONSTRAINT `invoice_logs_invoice_id_foreign` FOREIGN KEY (`invoice_id`) REFERENCES `invoices` (`id`) ON DELETE CASCADE,
  CONSTRAINT `invoice_logs_user_id_foreign` FOREIGN KEY (`user_id`) REFERENCES `users` (`id`) ON DELETE SET NULL
) ENGINE=InnoDB AUTO_INCREMENT=11 DEFAULT CHARSET=utf8mb4 COLLATE=utf8mb4_unicode_ci;

-- Data for table `invoice_logs`
INSERT INTO `invoice_logs` VALUES
('1', '134', '2', 'updated', 'Fatura atualizada', '{\"id\": 134, \"notes\": null, \"status\": \"pending\", \"due_date\": \"2025-04-11T00:00:00.000000Z\", \"file_path\": null, \"created_at\": \"2025-04-11T10:21:23.000000Z\", \"deleted_at\": null, \"issue_date\": \"2025-04-11T00:00:00.000000Z\", \"tax_amount\": \"2070.00\", \"updated_at\": \"2025-04-11T10:21:23.000000Z\", \"base_amount\": \"0.00\", \"supplier_id\": 9, \"payment_date\": null, \"total_amount\": \"11070.00\", \"invoice_number\": \"001/2025\", \"payment_method\": null}', '{\"id\": 134, \"notes\": null, \"status\": \"paid\", \"due_date\": \"2025-04-11T00:00:00.000000Z\", \"file_path\": \"invoices/eQ5MGi4dNTOfBl6Pf9pxcSdjdhAdOksvNfJ657ag.pdf\", \"created_at\": \"2025-04-11T10:21:23.000000Z\", \"deleted_at\": null, \"issue_date\": \"2025-04-11T00:00:00.000000Z\", \"tax_amount\": \"2070.00\", \"updated_at\": \"2025-04-11T10:51:17.000000Z\", \"base_amount\": \"0.00\", \"supplier_id\": 9, \"payment_date\": \"2025-04-11T00:00:00.000000Z\", \"total_amount\": \"9000.00\", \"invoice_number\": \"001/2025\", \"payment_method\": \"cash\"}', '2025-04-11 10:51:17', '2025-04-11 10:51:17'),
('2', '134', '2', 'updated', 'Fatura editada', '{\"id\": 134, \"notes\": null, \"status\": \"paid\", \"due_date\": \"2025-04-11T00:00:00.000000Z\", \"file_path\": \"invoices/eQ5MGi4dNTOfBl6Pf9pxcSdjdhAdOksvNfJ657ag.pdf\", \"created_at\": \"2025-04-11T10:21:23.000000Z\", \"deleted_at\": null, \"issue_date\": \"2025-04-11T00:00:00.000000Z\", \"tax_amount\": \"2070.00\", \"updated_at\": \"2025-04-11T10:51:17.000000Z\", \"base_amount\": \"0.00\", \"supplier_id\": 9, \"payment_date\": \"2025-04-11T00:00:00.000000Z\", \"total_amount\": \"9000.00\", \"invoice_number\": \"001/2025\", \"payment_method\": \"cash\"}', '{\"id\": 134, \"notes\": null, \"status\": \"overdue\", \"due_date\": \"2025-04-04T00:00:00.000000Z\", \"file_path\": \"invoices/eQ5MGi4dNTOfBl6Pf9pxcSdjdhAdOksvNfJ657ag.pdf\", \"created_at\": \"2025-04-11T10:21:23.000000Z\", \"deleted_at\": null, \"issue_date\": \"2025-04-01T00:00:00.000000Z\", \"tax_amount\": \"2070.00\", \"updated_at\": \"2025-04-11T10:54:06.000000Z\", \"base_amount\": \"0.00\", \"supplier_id\": 9, \"payment_date\": null, \"total_amount\": \"9000.00\", \"invoice_number\": \"001/2025\", \"payment_method\": \"other\"}', '2025-04-11 10:54:06', '2025-04-11 10:54:06'),
('3', '135', '2', 'deleted', 'Fatura removida', '{\"id\": 135, \"notes\": null, \"status\": \"pending\", \"due_date\": \"2025-04-11T00:00:00.000000Z\", \"file_path\": \"invoices/ZQ8LbO1UGpYm59VErx2E9volsiMi1xB6NVpxFGuz.pdf\", \"created_at\": \"2025-04-11T10:30:38.000000Z\", \"deleted_at\": null, \"issue_date\": \"2025-04-11T00:00:00.000000Z\", \"tax_amount\": \"2300.00\", \"updated_at\": \"2025-04-11T10:30:38.000000Z\", \"base_amount\": \"0.00\", \"supplier_id\": 20, \"payment_date\": null, \"total_amount\": \"12300.00\", \"invoice_number\": \"1299/2025\", \"payment_method\": null}', NULL, '2025-04-11 16:47:41', '2025-04-11 16:47:41'),
('4', '131', '2', 'updated', 'Fatura editada', '{\"id\": 131, \"notes\": null, \"status\": \"paid\", \"due_date\": \"2025-04-11T00:00:00.000000Z\", \"file_path\": \"invoices/hUeipAtvTA7PCiNiAN8sR4KiewXFP0CbSiw3lRFN.pdf\", \"created_at\": \"2025-04-11T08:48:30.000000Z\", \"deleted_at\": null, \"issue_date\": \"2025-04-11T00:00:00.000000Z\", \"tax_amount\": \"1840.00\", \"updated_at\": \"2025-04-11T10:34:27.000000Z\", \"base_amount\": \"0.00\", \"supplier_id\": 4, \"payment_date\": null, \"total_amount\": \"8000.00\", \"invoice_number\": \"039403\", \"payment_method\": \"bank_transfer\"}', '{\"id\": 131, \"notes\": null, \"status\": \"pending\", \"due_date\": \"2025-04-11T00:00:00.000000Z\", \"file_path\": \"invoices/hUeipAtvTA7PCiNiAN8sR4KiewXFP0CbSiw3lRFN.pdf\", \"created_at\": \"2025-04-11T08:48:30.000000Z\", \"deleted_at\": null, \"issue_date\": \"2025-04-11T00:00:00.000000Z\", \"tax_amount\": \"1840.00\", \"updated_at\": \"2025-04-11T16:50:10.000000Z\", \"base_amount\": \"0.00\", \"supplier_id\": 4, \"payment_date\": null, \"total_amount\": \"8000.00\", \"invoice_number\": \"039403\", \"payment_method\": \"other\"}', '2025-04-11 16:50:10', '2025-04-11 16:50:10'),
('5', '136', '2', 'created', 'Fatura criada', NULL, '{\"id\": 136, \"notes\": null, \"status\": \"pending\", \"due_date\": \"2025-04-16T00:00:00.000000Z\", \"created_at\": \"2025-04-14T08:29:33.000000Z\", \"issue_date\": \"2025-04-14T00:00:00.000000Z\", \"tax_amount\": \"27.60\", \"updated_at\": \"2025-04-14T08:29:33.000000Z\", \"supplier_id\": \"7\", \"payment_date\": null, \"total_amount\": \"147.60\", \"invoice_number\": \"1298/2025\", \"payment_method\": null}', '2025-04-14 08:29:34', '2025-04-14 08:29:34'),
('6', '134', '2', 'updated', 'Fatura editada. Campos alterados: Status: de \"Atrasado\" para \"Cancelado\"', '{\"id\": 134, \"notes\": null, \"status\": \"overdue\", \"due_date\": \"2025-04-04T00:00:00.000000Z\", \"file_path\": \"invoices/eQ5MGi4dNTOfBl6Pf9pxcSdjdhAdOksvNfJ657ag.pdf\", \"created_at\": \"2025-04-11T10:21:23.000000Z\", \"deleted_at\": null, \"issue_date\": \"2025-04-01T00:00:00.000000Z\", \"tax_amount\": \"2070.00\", \"updated_at\": \"2025-04-11T10:54:06.000000Z\", \"base_amount\": \"0.00\", \"supplier_id\": 9, \"payment_date\": null, \"total_amount\": \"9000.00\", \"invoice_number\": \"001/2025\", \"payment_method\": \"other\"}', '{\"id\": 134, \"notes\": null, \"status\": \"cancelled\", \"due_date\": \"2025-04-04T00:00:00.000000Z\", \"file_path\": \"invoices/eQ5MGi4dNTOfBl6Pf9pxcSdjdhAdOksvNfJ657ag.pdf\", \"created_at\": \"2025-04-11T10:21:23.000000Z\", \"deleted_at\": null, \"issue_date\": \"2025-04-01T00:00:00.000000Z\", \"tax_amount\": \"2070.00\", \"updated_at\": \"2025-04-14T08:35:07.000000Z\", \"base_amount\": \"0.00\", \"supplier_id\": 9, \"payment_date\": null, \"total_amount\": \"9000.00\", \"invoice_number\": \"001/2025\", \"payment_method\": \"other\"}', '2025-04-14 08:35:07', '2025-04-14 08:35:07'),
('7', '134', '2', 'updated', 'Fatura editadaStatus: de \"Cancelado\" para \"Pago\"', '{\"id\": 134, \"notes\": null, \"status\": \"cancelled\", \"due_date\": \"2025-04-04T00:00:00.000000Z\", \"file_path\": \"invoices/eQ5MGi4dNTOfBl6Pf9pxcSdjdhAdOksvNfJ657ag.pdf\", \"created_at\": \"2025-04-11T10:21:23.000000Z\", \"deleted_at\": null, \"issue_date\": \"2025-04-01T00:00:00.000000Z\", \"tax_amount\": \"2070.00\", \"updated_at\": \"2025-04-14T08:35:07.000000Z\", \"base_amount\": \"0.00\", \"supplier_id\": 9, \"payment_date\": null, \"total_amount\": \"9000.00\", \"invoice_number\": \"001/2025\", \"payment_method\": \"other\"}', '{\"id\": 134, \"notes\": null, \"status\": \"paid\", \"due_date\": \"2025-04-04T00:00:00.000000Z\", \"file_path\": \"invoices/eQ5MGi4dNTOfBl6Pf9pxcSdjdhAdOksvNfJ657ag.pdf\", \"created_at\": \"2025-04-11T10:21:23.000000Z\", \"deleted_at\": null, \"issue_date\": \"2025-04-01T00:00:00.000000Z\", \"tax_amount\": \"2070.00\", \"updated_at\": \"2025-04-14T08:36:05.000000Z\", \"base_amount\": \"0.00\", \"supplier_id\": 9, \"payment_date\": null, \"total_amount\": \"9000.00\", \"invoice_number\": \"001/2025\", \"payment_method\": \"other\"}', '2025-04-14 08:36:05', '2025-04-14 08:36:05'),
('8', '134', '2', 'updated', 'Fatura editada Status: de \"Pago\" para \"Atrasado\"', '{\"id\": 134, \"notes\": null, \"status\": \"paid\", \"due_date\": \"2025-04-04T00:00:00.000000Z\", \"file_path\": \"invoices/eQ5MGi4dNTOfBl6Pf9pxcSdjdhAdOksvNfJ657ag.pdf\", \"created_at\": \"2025-04-11T10:21:23.000000Z\", \"deleted_at\": null, \"issue_date\": \"2025-04-01T00:00:00.000000Z\", \"tax_amount\": \"2070.00\", \"updated_at\": \"2025-04-14T08:36:05.000000Z\", \"base_amount\": \"0.00\", \"supplier_id\": 9, \"payment_date\": null, \"total_amount\": \"9000.00\", \"invoice_number\": \"001/2025\", \"payment_method\": \"other\"}', '{\"id\": 134, \"notes\": null, \"status\": \"overdue\", \"due_date\": \"2025-04-04T00:00:00.000000Z\", \"file_path\": \"invoices/eQ5MGi4dNTOfBl6Pf9pxcSdjdhAdOksvNfJ657ag.pdf\", \"created_at\": \"2025-04-11T10:21:23.000000Z\", \"deleted_at\": null, \"issue_date\": \"2025-04-01T00:00:00.000000Z\", \"tax_amount\": \"2070.00\", \"updated_at\": \"2025-04-14T08:36:48.000000Z\", \"base_amount\": \"0.00\", \"supplier_id\": 9, \"payment_date\": null, \"total_amount\": \"9000.00\", \"invoice_number\": \"001/2025\", \"payment_method\": \"other\"}', '2025-04-14 08:36:48', '2025-04-14 08:36:48'),
('9', '134', '2', 'updated', 'Fatura editada Valor do Imposto: de \"€ 2.070,00\" para \"€ 4.370,00\", Valor Total: de \"€ 9.000,00\" para \"€ 19.000,00\"', '{\"id\": 134, \"notes\": null, \"status\": \"overdue\", \"due_date\": \"2025-04-04T00:00:00.000000Z\", \"file_path\": \"invoices/eQ5MGi4dNTOfBl6Pf9pxcSdjdhAdOksvNfJ657ag.pdf\", \"created_at\": \"2025-04-11T10:21:23.000000Z\", \"deleted_at\": null, \"issue_date\": \"2025-04-01T00:00:00.000000Z\", \"tax_amount\": \"2070.00\", \"updated_at\": \"2025-04-14T08:36:48.000000Z\", \"base_amount\": \"0.00\", \"supplier_id\": 9, \"payment_date\": null, \"total_amount\": \"9000.00\", \"invoice_number\": \"001/2025\", \"payment_method\": \"other\"}', '{\"id\": 134, \"notes\": null, \"status\": \"overdue\", \"due_date\": \"2025-04-04T00:00:00.000000Z\", \"file_path\": \"invoices/eQ5MGi4dNTOfBl6Pf9pxcSdjdhAdOksvNfJ657ag.pdf\", \"created_at\": \"2025-04-11T10:21:23.000000Z\", \"deleted_at\": null, \"issue_date\": \"2025-04-01T00:00:00.000000Z\", \"tax_amount\": \"4370.00\", \"updated_at\": \"2025-04-14T08:37:21.000000Z\", \"base_amount\": \"0.00\", \"supplier_id\": 9, \"payment_date\": null, \"total_amount\": \"19000.00\", \"invoice_number\": \"001/2025\", \"payment_method\": \"other\"}', '2025-04-14 08:37:21', '2025-04-14 08:37:21'),
('10', '134', '2', 'updated', 'Fatura editada Valor do Imposto: de \"€ 4.370,00\" para \"€ 6.437,70\", Valor Total: de \"€ 19.000,00\" para \"€ 27.990,00\"', '{\"id\": 134, \"notes\": null, \"status\": \"overdue\", \"due_date\": \"2025-04-04T00:00:00.000000Z\", \"file_path\": \"invoices/eQ5MGi4dNTOfBl6Pf9pxcSdjdhAdOksvNfJ657ag.pdf\", \"created_at\": \"2025-04-11T10:21:23.000000Z\", \"deleted_at\": null, \"issue_date\": \"2025-04-01T00:00:00.000000Z\", \"tax_amount\": \"4370.00\", \"updated_at\": \"2025-04-14T08:37:21.000000Z\", \"base_amount\": \"0.00\", \"supplier_id\": 9, \"payment_date\": null, \"total_amount\": \"19000.00\", \"invoice_number\": \"001/2025\", \"payment_method\": \"other\"}', '{\"id\": 134, \"notes\": null, \"status\": \"overdue\", \"due_date\": \"2025-04-04T00:00:00.000000Z\", \"file_path\": \"invoices/eQ5MGi4dNTOfBl6Pf9pxcSdjdhAdOksvNfJ657ag.pdf\", \"created_at\": \"2025-04-11T10:21:23.000000Z\", \"deleted_at\": null, \"issue_date\": \"2025-04-01T00:00:00.000000Z\", \"tax_amount\": \"6437.70\", \"updated_at\": \"2025-04-14T08:49:29.000000Z\", \"base_amount\": \"0.00\", \"supplier_id\": 9, \"payment_date\": null, \"total_amount\": \"27990.00\", \"invoice_number\": \"001/2025\", \"payment_method\": \"other\"}', '2025-04-14 08:49:29', '2025-04-14 08:49:29')
;

-- Table structure for table `invoices`
DROP TABLE IF EXISTS `invoices`;
CREATE TABLE `invoices` (
  `id` bigint unsigned NOT NULL AUTO_INCREMENT,
  `supplier_id` bigint unsigned NOT NULL,
  `invoice_number` varchar(255) COLLATE utf8mb4_unicode_ci NOT NULL,
  `issue_date` date NOT NULL,
  `due_date` date NOT NULL,
  `base_amount` decimal(10,2) NOT NULL DEFAULT '0.00',
  `tax_amount` decimal(10,2) NOT NULL DEFAULT '0.00',
  `total_amount` decimal(10,2) NOT NULL,
  `status` enum('pending','paid','overdue','cancelled') COLLATE utf8mb4_unicode_ci NOT NULL DEFAULT 'pending',
  `payment_method` varchar(255) COLLATE utf8mb4_unicode_ci DEFAULT NULL,
  `payment_date` date DEFAULT NULL,
  `file_path` varchar(255) COLLATE utf8mb4_unicode_ci DEFAULT NULL,
  `notes` text COLLATE utf8mb4_unicode_ci,
  `created_at` timestamp NULL DEFAULT NULL,
  `updated_at` timestamp NULL DEFAULT NULL,
  `deleted_at` timestamp NULL DEFAULT NULL,
  PRIMARY KEY (`id`),
  UNIQUE KEY `invoices_invoice_number_unique` (`invoice_number`),
  KEY `invoices_supplier_id_foreign` (`supplier_id`),
  CONSTRAINT `invoices_supplier_id_foreign` FOREIGN KEY (`supplier_id`) REFERENCES `suppliers` (`id`) ON DELETE RESTRICT
) ENGINE=InnoDB AUTO_INCREMENT=137 DEFAULT CHARSET=utf8mb4 COLLATE=utf8mb4_unicode_ci;

-- Data for table `invoices`
INSERT INTO `invoices` VALUES
('1', '1', '2025/6930', '2025-03-07', '2025-04-06', '17244.55', '2146.65', '19391.20', 'overdue', 'Numerário', NULL, NULL, 'Maxime inventore eaque rerum commodi et temporibus rem modi.', '2025-04-09 10:06:36', '2025-04-09 10:06:36', NULL),
('2', '1', '2025/1185', '2025-04-03', '2025-05-03', '17856.64', '1451.36', '19308.00', 'pending', 'Débito Direto', NULL, 'https://via.placeholder.com/640x480.png/004477?text=documents+et', 'Eveniet rem autem esse modi incidunt quibusdam natus facere.', '2025-04-09 10:06:36', '2025-04-09 10:06:36', NULL),
('3', '1', '2024/1542', '2024-10-14', '2025-01-12', '3191.44', '414.89', '3606.33', 'paid', 'Cartão de Crédito', '2024-10-16', 'https://via.placeholder.com/640x480.png/004488?text=documents+doloremque', 'Natus enim alias architecto minima repellendus ducimus quam aperiam sit qui saepe.', '2025-04-09 10:06:36', '2025-04-09 10:06:36', NULL),
('4', '1', '2024/4413', '2024-10-12', '2024-12-11', '14514.64', '1195.54', '15710.18', 'paid', 'Débito Direto', '2024-10-21', 'https://via.placeholder.com/640x480.png/00ee77?text=documents+sit', NULL, '2025-04-09 10:06:36', '2025-04-09 10:06:36', NULL),
('5', '1', '2025/6289', '2025-02-01', '2025-03-03', '4666.39', '337.86', '5004.25', 'overdue', 'Transferência Bancária', NULL, NULL, NULL, '2025-04-09 10:06:36', '2025-04-09 10:06:36', NULL),
('6', '1', '2024/8168', '2024-12-27', '2025-02-10', '9447.00', '1228.11', '10675.11', 'paid', 'Multibanco', '2025-02-24', NULL, NULL, '2025-04-09 10:06:36', '2025-04-09 10:06:36', NULL),
('7', '2', '2025/8142', '2025-03-26', '2025-05-25', '11203.48', '1005.59', '12209.07', 'paid', 'Cartão de Crédito', '2025-04-03', NULL, NULL, '2025-04-09 10:06:36', '2025-04-09 10:06:36', NULL),
('8', '2', '2024/1936', '2024-10-26', '2024-12-25', '12898.07', '1640.99', '14539.06', 'paid', 'Cheque', '2025-01-02', 'https://via.placeholder.com/640x480.png/0011cc?text=documents+voluptas', 'Ut quis voluptatem assumenda molestiae quas et quod repellat ad.', '2025-04-09 10:06:36', '2025-04-09 10:06:36', NULL),
('9', '2', '2025/5337', '2025-03-21', '2025-05-20', '4170.42', '959.20', '5129.62', 'paid', 'Débito Direto', '2025-03-23', NULL, 'Modi et illo sit quod voluptatem molestiae laboriosam sed voluptatibus rem.', '2025-04-09 10:06:36', '2025-04-09 10:06:36', NULL),
('10', '2', '2025/6477', '2025-01-04', '2025-04-04', '14370.93', '2288.31', '16659.24', 'paid', 'Débito Direto', '2025-01-15', NULL, NULL, '2025-04-09 10:06:36', '2025-04-09 10:06:36', NULL),
('11', '2', '2024/3910', '2024-11-10', '2025-02-08', '13623.66', '2296.37', '15920.03', 'paid', 'Transferência Bancária', '2024-12-26', NULL, 'Hic et eius eius excepturi explicabo.', '2025-04-09 10:06:36', '2025-04-09 10:06:36', NULL),
('12', '2', '2025/5246', '2025-01-17', '2025-02-07', '7568.72', '807.62', '8376.34', 'overdue', 'Transferência Bancária', NULL, 'https://via.placeholder.com/640x480.png/00ccff?text=documents+eveniet', 'Inventore necessitatibus saepe saepe minima et mollitia tempora incidunt libero et.', '2025-04-09 10:06:36', '2025-04-09 10:06:36', NULL),
('13', '3', '2024/1817', '2024-10-15', '2025-01-13', '12407.67', '2096.62', '14504.29', 'overdue', 'Cheque', NULL, NULL, 'Qui dolorem voluptatum necessitatibus eos eos quam earum sapiente et voluptatibus.', '2025-04-09 10:06:36', '2025-04-09 10:06:36', NULL),
('14', '3', '2024/5699', '2024-10-23', '2024-12-07', '5807.70', '854.87', '6662.57', 'paid', 'MBWay', '2024-12-20', NULL, NULL, '2025-04-09 10:06:36', '2025-04-09 10:06:36', NULL),
('15', '3', '2024/9018', '2024-12-14', '2025-01-13', '11304.58', '678.27', '11982.85', 'overdue', 'Débito Direto', NULL, NULL, 'Aliquam officia et ea provident non.', '2025-04-09 10:06:36', '2025-04-09 10:06:36', NULL),
('16', '3', '2024/1241', '2024-10-12', '2024-11-11', '19890.02', '2018.94', '21908.96', 'paid', 'Multibanco', '2024-11-02', NULL, NULL, '2025-04-09 10:06:36', '2025-04-09 10:06:36', NULL),
('17', '3', '2024/9904', '2024-12-02', '2025-03-02', '6262.80', '814.16', '7076.96', 'paid', 'Numerário', '2025-03-09', NULL, NULL, '2025-04-09 10:06:36', '2025-04-09 10:06:36', NULL),
('18', '3', '2025/1236', '2025-01-11', '2025-02-10', '16297.63', '1208.49', '17506.12', 'paid', 'MBWay', '2025-03-27', 'https://via.placeholder.com/640x480.png/0044ee?text=documents+ipsa', NULL, '2025-04-09 10:06:36', '2025-04-09 10:06:36', NULL),
('19', '4', '2025/8968', '2025-01-19', '2025-04-19', '28154.99', '4894.71', '33049.70', 'paid', 'Cartão de Crédito', '2025-03-15', NULL, 'Maiores pariatur asperiores perspiciatis iste quisquam fugiat cupiditate provident.', '2025-04-09 10:06:36', '2025-04-09 10:06:36', NULL),
('20', '4', '2025/3311', '2025-01-23', '2025-03-09', '15567.34', '2833.94', '18401.28', 'paid', 'Cheque', '2025-03-02', NULL, NULL, '2025-04-09 10:06:36', '2025-04-09 10:06:36', NULL),
('21', '5', '2025/8289', '2025-03-13', '2025-04-27', '4885.12', '794.56', '5679.68', 'pending', 'Cheque', NULL, 'https://via.placeholder.com/640x480.png/0044ff?text=documents+possimus', NULL, '2025-04-09 10:06:36', '2025-04-09 10:06:36', NULL),
('22', '5', '2025/1804', '2025-02-02', '2025-04-03', '15548.46', '1266.07', '16814.53', 'paid', 'Cartão de Crédito', '2025-03-17', NULL, 'Ullam eos consectetur et sint ut vel voluptatem ut.', '2025-04-09 10:06:36', '2025-04-09 10:06:36', NULL),
('23', '5', '2025/2698', '2025-03-27', '2025-04-26', '17307.35', '1496.67', '18804.02', 'paid', 'Débito Direto', '2025-04-07', 'https://via.placeholder.com/640x480.png/003344?text=documents+omnis', 'Qui ducimus impedit quasi voluptatem veniam alias consequatur enim.', '2025-04-09 10:06:36', '2025-04-09 10:06:36', NULL),
('24', '5', '2025/9641', '2025-01-27', '2025-04-27', '10236.00', '1170.13', '11406.13', 'paid', 'Débito Direto', '2025-03-04', 'https://via.placeholder.com/640x480.png/0022cc?text=documents+veritatis', NULL, '2025-04-09 10:06:36', '2025-04-09 10:06:36', NULL),
('25', '5', '2025/3188', '2025-03-20', '2025-05-04', '11484.93', '689.10', '12174.03', 'paid', 'MBWay', '2025-04-08', NULL, 'Consectetur repellendus aut delectus fugiat ut velit laborum ad minima ipsam.', '2025-04-09 10:06:36', '2025-04-09 10:06:36', NULL),
('26', '6', '2024/2167', '2024-11-13', '2025-01-12', '2683.45', '348.85', '3032.30', 'overdue', 'Cartão de Crédito', NULL, NULL, NULL, '2025-04-09 10:06:36', '2025-04-09 10:06:36', NULL),
('27', '6', '2024/8044', '2024-11-22', '2025-01-21', '5777.14', '1125.38', '6902.52', 'overdue', 'Multibanco', NULL, NULL, 'Fugit ipsum voluptatem quisquam aut et mollitia magni quam necessitatibus dolor necessitatibus.', '2025-04-09 10:06:36', '2025-04-09 10:06:36', NULL),
('28', '6', '2025/1609', '2025-03-04', '2025-04-03', '26301.36', '3186.36', '29487.72', 'paid', 'Cheque', '2025-03-24', 'https://via.placeholder.com/640x480.png/0066ff?text=documents+delectus', 'Dicta dolor eos occaecati ad autem.', '2025-04-09 10:06:36', '2025-04-09 10:06:36', NULL),
('29', '7', '2024/4075', '2024-10-20', '2024-12-04', '15412.54', '1562.94', '16975.48', 'overdue', 'MBWay', NULL, 'https://via.placeholder.com/640x480.png/00cc66?text=documents+qui', 'Ex reiciendis voluptate ut fugiat incidunt ut reprehenderit sed excepturi enim.', '2025-04-09 10:06:36', '2025-04-09 10:06:36', NULL),
('30', '7', '2025/1566', '2025-03-08', '2025-04-22', '15305.12', '2438.74', '17743.86', 'paid', 'Transferência Bancária', '2025-03-09', 'https://via.placeholder.com/640x480.png/0000ff?text=documents+iste', NULL, '2025-04-09 10:06:36', '2025-04-09 10:06:36', NULL),
('31', '7', '2025/7286', '2025-02-27', '2025-03-29', '18820.74', '2529.24', '21349.98', 'paid', 'Cheque', '2025-03-30', NULL, 'Eius veniam optio temporibus dolor iure.', '2025-04-09 10:06:36', '2025-04-09 10:06:36', NULL),
('32', '7', '2024/4753', '2024-10-23', '2024-12-07', '6912.30', '625.51', '7537.81', 'paid', 'Débito Direto', '2024-12-07', NULL, 'Sed est enim nam est ut deleniti nulla.', '2025-04-09 10:06:36', '2025-04-09 10:06:36', NULL),
('33', '7', '2025/6849', '2025-01-24', '2025-03-25', '4921.54', '505.09', '5426.63', 'paid', 'Numerário', '2025-03-16', NULL, NULL, '2025-04-09 10:06:36', '2025-04-09 10:06:36', NULL),
('34', '7', '2024/7890', '2024-12-22', '2025-02-05', '13883.00', '1290.89', '15173.89', 'paid', 'Transferência Bancária', '2025-03-19', NULL, NULL, '2025-04-09 10:06:36', '2025-04-09 10:06:36', NULL),
('35', '7', '2024/7331', '2024-10-11', '2025-04-04', '15640.19', '1382.16', '17022.35', 'overdue', 'Transferência Bancária', NULL, NULL, NULL, '2025-04-09 10:06:36', '2025-04-09 10:06:36', NULL),
('36', '8', '2025/9988', '2025-02-05', '2025-05-06', '11537.16', '1288.94', '12826.10', 'pending', 'MBWay', NULL, NULL, NULL, '2025-04-09 10:06:36', '2025-04-09 10:06:36', NULL),
('37', '8', '2025/7292', '2025-03-31', '2025-05-15', '15632.26', '2910.90', '18543.16', 'paid', 'MBWay', '2025-04-04', 'https://via.placeholder.com/640x480.png/005599?text=documents+consequuntur', 'Aut qui optio odit minus dolores atque harum ab rerum.', '2025-04-09 10:06:36', '2025-04-09 10:06:36', NULL),
('38', '8', '2024/1085', '2024-10-15', '2025-02-05', '7623.95', '554.03', '8177.98', 'overdue', 'Numerário', NULL, 'https://via.placeholder.com/640x480.png/006666?text=documents+doloremque', NULL, '2025-04-09 10:06:36', '2025-04-09 10:06:36', NULL),
('39', '9', '2024/4292', '2024-11-22', '2025-02-20', '109.69', '25.23', '134.92', 'paid', 'Numerário', '2025-03-05', NULL, 'Dolorum eligendi aspernatur amet dolor fugit eius.', '2025-04-09 10:06:36', '2025-04-09 10:06:36', NULL),
('40', '9', '2025/2549', '2025-04-09', '2025-05-24', '8907.00', '534.42', '9441.42', 'paid', 'Multibanco', '2025-04-09', NULL, 'Autem repudiandae aperiam atque iure repudiandae id aspernatur qui.', '2025-04-09 10:06:36', '2025-04-09 10:06:36', NULL),
('41', '9', '2024/4749', '2024-11-15', '2025-02-13', '11369.69', '1591.42', '12961.11', 'paid', 'Transferência Bancária', '2024-11-18', 'https://via.placeholder.com/640x480.png/009911?text=documents+veritatis', NULL, '2025-04-09 10:06:36', '2025-04-09 10:06:36', NULL),
('42', '9', '2024/8415', '2024-12-06', '2025-02-04', '4692.23', '707.17', '5399.40', 'paid', 'MBWay', '2024-12-26', NULL, NULL, '2025-04-09 10:06:36', '2025-04-09 10:06:36', NULL),
('43', '9', '2024/9999', '2024-12-06', '2025-03-13', '20940.00', '2436.41', '23376.41', 'overdue', 'MBWay', NULL, NULL, 'Est voluptatem ullam dignissimos blanditiis molestiae ea voluptates quas.', '2025-04-09 10:06:36', '2025-04-09 10:06:36', NULL),
('44', '10', '2024/2880', '2024-11-08', '2024-12-08', '8507.54', '1303.91', '9811.45', 'overdue', 'MBWay', NULL, NULL, 'Earum eum quod et magnam exercitationem qui magni repellat.', '2025-04-09 10:06:36', '2025-04-09 10:06:36', NULL),
('45', '10', '2025/7712', '2025-02-27', '2025-03-29', '4805.78', '624.75', '5430.53', 'paid', 'MBWay', '2025-03-17', NULL, NULL, '2025-04-09 10:06:36', '2025-04-09 10:06:36', NULL),
('46', '10', '2024/9523', '2024-12-22', '2025-02-05', '9045.40', '844.76', '9890.16', 'overdue', 'Transferência Bancária', NULL, NULL, NULL, '2025-04-09 10:06:36', '2025-04-09 10:06:36', NULL),
('47', '10', '2024/9965', '2024-12-18', '2025-03-18', '1990.86', '228.36', '2219.22', 'paid', 'Débito Direto', '2025-02-11', 'https://via.placeholder.com/640x480.png/008833?text=documents+qui', 'Soluta voluptates nemo consectetur est aut molestiae.', '2025-04-09 10:06:36', '2025-04-09 10:06:36', NULL),
('48', '10', '2025/2546', '2025-02-08', '2025-04-06', '4741.64', '284.50', '5026.14', 'overdue', 'Numerário', NULL, 'https://via.placeholder.com/640x480.png/00ddff?text=documents+ipsa', 'In repellat tempora sit omnis dolores id accusantium cumque.', '2025-04-09 10:06:36', '2025-04-09 10:06:36', NULL),
('49', '11', '2024/9408', '2024-12-21', '2025-01-20', '3703.60', '294.94', '3998.54', 'overdue', 'Transferência Bancária', NULL, NULL, 'Modi quas maiores consequatur eveniet quia.', '2025-04-09 10:06:36', '2025-04-09 10:06:36', NULL),
('50', '11', '2025/6565', '2025-02-23', '2025-03-25', '4526.81', '807.75', '5334.56', 'paid', 'Cheque', '2025-03-06', NULL, NULL, '2025-04-09 10:06:36', '2025-04-09 10:06:36', NULL),
('51', '11', '2024/4293', '2024-10-18', '2024-12-02', '13682.76', '3087.70', '16770.46', 'paid', 'Débito Direto', '2024-10-23', 'https://via.placeholder.com/640x480.png/004477?text=documents+est', 'Qui fugit qui eveniet sint dicta est.', '2025-04-09 10:06:36', '2025-04-09 10:06:36', NULL),
('52', '12', '2025/4132', '2025-03-01', '2025-04-15', '8780.30', '526.82', '9307.12', 'paid', 'Débito Direto', '2025-03-27', 'https://via.placeholder.com/640x480.png/00cc88?text=documents+velit', 'Vero et voluptas dolorem ut ea.', '2025-04-09 10:06:36', '2025-04-09 10:06:36', NULL),
('53', '12', '2024/9109', '2024-10-16', '2025-01-14', '12239.51', '2423.36', '14662.87', 'overdue', 'MBWay', NULL, NULL, 'Nam non hic deserunt nostrum eos dignissimos voluptatem est.', '2025-04-09 10:06:36', '2025-04-09 10:06:36', NULL),
('54', '12', '2024/4871', '2024-10-25', '2024-11-24', '7654.92', '1408.05', '9062.97', 'overdue', 'Cheque', NULL, NULL, 'Assumenda aut rem porro aut qui sed illum reprehenderit dicta.', '2025-04-09 10:06:36', '2025-04-09 10:06:36', NULL),
('55', '12', '2025/7525', '2025-03-08', '2025-06-06', '6591.92', '1224.63', '7816.55', 'paid', 'MBWay', '2025-03-22', NULL, NULL, '2025-04-09 10:06:36', '2025-04-09 10:06:36', NULL),
('56', '12', '2024/5201', '2024-11-21', '2025-01-20', '2387.93', '318.75', '2706.68', 'overdue', 'Cartão de Crédito', NULL, NULL, 'Sint nobis tenetur quae et dignissimos voluptas molestias quia sequi qui.', '2025-04-09 10:06:36', '2025-04-09 10:06:36', NULL),
('57', '12', '2025/1335', '2025-02-16', '2025-03-18', '12132.39', '1444.34', '13576.73', 'paid', 'Débito Direto', '2025-02-16', NULL, NULL, '2025-04-09 10:06:36', '2025-04-09 10:06:36', NULL),
('58', '13', '2025/5308', '2025-04-08', '2025-06-07', '10538.20', '2030.64', '12568.84', 'pending', 'MBWay', NULL, NULL, 'Quaerat blanditiis sit et error ea veniam commodi repudiandae sed autem.', '2025-04-09 10:06:36', '2025-04-09 10:06:36', NULL),
('59', '13', '2025/8837', '2025-02-17', '2025-04-18', '12019.13', '1621.68', '13640.81', 'pending', 'Numerário', NULL, 'https://via.placeholder.com/640x480.png/005533?text=documents+veritatis', 'Sunt officia sed earum accusamus deserunt esse distinctio dignissimos quae eum.', '2025-04-09 10:06:36', '2025-04-09 10:06:36', NULL),
('60', '13', '2024/1324', '2024-10-30', '2024-12-14', '7118.85', '1238.59', '8357.44', 'paid', 'Multibanco', '2024-12-18', 'https://via.placeholder.com/640x480.png/000022?text=documents+corrupti', NULL, '2025-04-09 10:06:36', '2025-04-09 10:06:36', NULL),
('61', '13', '2024/2243', '2024-12-19', '2025-02-17', '29731.69', '5271.14', '35002.83', 'overdue', 'Cartão de Crédito', NULL, NULL, 'Facere dicta aut iste esse perferendis.', '2025-04-09 10:06:36', '2025-04-09 10:06:36', NULL),
('62', '13', '2024/2913', '2024-12-23', '2025-03-23', '2665.06', '346.45', '3011.51', 'paid', 'Numerário', '2025-03-23', 'https://via.placeholder.com/640x480.png/006611?text=documents+ipsa', NULL, '2025-04-09 10:06:36', '2025-04-09 10:06:36', NULL),
('63', '13', '2024/4945', '2024-12-26', '2025-01-25', '6804.84', '663.22', '7468.06', 'paid', 'Cartão de Crédito', '2025-03-08', 'https://via.placeholder.com/640x480.png/007711?text=documents+sit', NULL, '2025-04-09 10:06:36', '2025-04-09 10:06:36', NULL),
('64', '13', '2024/6222', '2024-10-15', '2025-02-17', '10049.61', '1338.02', '11387.63', 'overdue', 'Transferência Bancária', NULL, NULL, 'Neque rerum repellat blanditiis rerum sed rerum voluptate omnis.', '2025-04-09 10:06:36', '2025-04-09 10:06:36', NULL),
('65', '14', '2025/2135', '2025-02-18', '2025-03-20', '22499.58', '2494.70', '24994.28', 'paid', 'Débito Direto', '2025-03-18', NULL, 'Dolor sapiente provident mollitia quia officiis consequatur voluptatem.', '2025-04-09 10:06:36', '2025-04-09 10:06:36', NULL),
('66', '14', '2025/9444', '2025-02-16', '2025-03-18', '1557.60', '358.25', '1915.85', 'paid', 'Numerário', '2025-03-27', 'https://via.placeholder.com/640x480.png/002288?text=documents+dolores', NULL, '2025-04-09 10:06:36', '2025-04-09 10:06:36', NULL),
('67', '14', '2024/2739', '2024-11-26', '2025-01-25', '1002.06', '230.47', '1232.53', 'paid', 'Cartão de Crédito', '2025-02-24', NULL, 'Provident omnis fugit illo amet impedit omnis quia quis autem debitis.', '2025-04-09 10:06:36', '2025-04-09 10:06:36', NULL),
('68', '15', '2024/3233', '2024-11-15', '2025-01-14', '17071.47', '3108.65', '20180.12', 'paid', 'Transferência Bancária', '2025-01-11', NULL, NULL, '2025-04-09 10:06:36', '2025-04-09 10:06:36', NULL),
('69', '15', '2025/5678', '2025-03-06', '2025-04-20', '4969.65', '646.05', '5615.70', 'pending', 'Transferência Bancária', NULL, NULL, 'In qui est ea nemo totam dolorum tempore quisquam.', '2025-04-09 10:06:36', '2025-04-09 10:06:36', NULL),
('70', '15', '2024/4141', '2024-12-16', '2025-01-30', '6626.34', '1524.06', '8150.40', 'paid', 'Cheque', '2025-03-22', NULL, NULL, '2025-04-09 10:06:36', '2025-04-09 10:06:36', NULL),
('71', '16', '2024/2419', '2024-12-15', '2025-01-14', '1086.78', '249.96', '1336.74', 'paid', 'Numerário', '2025-01-05', NULL, 'Ipsa est atque excepturi enim ut.', '2025-04-09 10:06:36', '2025-04-09 10:06:36', NULL),
('72', '16', '2025/4368', '2025-01-13', '2025-02-12', '19618.93', '3013.88', '22632.81', 'overdue', 'Débito Direto', NULL, 'https://via.placeholder.com/640x480.png/0022dd?text=documents+dolor', 'Et autem repudiandae omnis corporis voluptatem suscipit quibusdam sed enim.', '2025-04-09 10:06:36', '2025-04-09 10:06:36', NULL),
('73', '16', '2025/2893', '2025-03-31', '2025-04-30', '3606.93', '820.71', '4427.64', 'paid', 'Transferência Bancária', '2025-03-31', 'https://via.placeholder.com/640x480.png/000033?text=documents+maxime', NULL, '2025-04-09 10:06:36', '2025-04-09 10:06:36', NULL),
('74', '16', '2024/5071', '2024-11-10', '2024-12-10', '12357.85', '877.02', '13234.87', 'paid', 'Transferência Bancária', '2025-01-03', NULL, NULL, '2025-04-09 10:06:36', '2025-04-09 10:06:36', NULL),
('75', '16', '2024/3645', '2024-11-06', '2025-01-13', '4298.54', '529.91', '4828.45', 'overdue', 'Cartão de Crédito', NULL, NULL, 'Ad tenetur neque autem aperiam nobis repellat architecto soluta.', '2025-04-09 10:06:36', '2025-04-09 10:06:36', NULL),
('76', '17', '2025/3528', '2025-03-26', '2025-05-25', '20090.28', '3466.03', '23556.31', 'pending', 'Débito Direto', NULL, NULL, NULL, '2025-04-09 10:06:36', '2025-04-09 10:06:36', NULL),
('77', '17', '2024/5433', '2024-11-21', '2024-12-21', '14331.93', '1842.78', '16174.71', 'paid', 'Transferência Bancária', '2024-12-12', 'https://via.placeholder.com/640x480.png/0033cc?text=documents+sapiente', 'Ea qui eligendi corrupti impedit debitis voluptatibus.', '2025-04-09 10:06:36', '2025-04-09 10:06:36', NULL),
('78', '17', '2024/1583', '2024-11-21', '2024-12-21', '5863.97', '351.84', '6215.81', 'paid', 'Numerário', '2024-12-19', NULL, 'Nobis aut ut quos ratione exercitationem est.', '2025-04-09 10:06:36', '2025-04-09 10:06:36', NULL),
('79', '17', '2024/8590', '2024-11-11', '2024-12-11', '11127.60', '1556.19', '12683.79', 'paid', 'Numerário', '2024-12-01', NULL, NULL, '2025-04-09 10:06:36', '2025-04-09 10:06:36', NULL),
('80', '17', '2025/8725', '2025-03-04', '2025-04-03', '12517.99', '1884.86', '14402.85', 'paid', 'MBWay', '2025-03-12', NULL, NULL, '2025-04-09 10:06:36', '2025-04-09 10:06:36', NULL),
('81', '17', '2024/1310', '2024-11-04', '2025-01-17', '1171.64', '152.31', '1323.95', 'overdue', 'Transferência Bancária', NULL, NULL, NULL, '2025-04-09 10:06:36', '2025-04-09 10:06:36', NULL),
('82', '18', '2025/4046', '2025-01-21', '2025-02-20', '20275.85', '1837.46', '22113.31', 'paid', 'Multibanco', '2025-02-19', NULL, 'Et molestiae hic et sed similique voluptatibus sequi pariatur ut.', '2025-04-09 10:06:36', '2025-04-09 10:06:36', NULL),
('83', '18', '2024/2798', '2024-10-23', '2024-12-07', '18363.40', '2013.53', '20376.93', 'paid', 'Numerário', '2024-11-10', 'https://via.placeholder.com/640x480.png/000044?text=documents+perferendis', NULL, '2025-04-09 10:06:36', '2025-04-09 10:06:36', NULL),
('84', '18', '2024/1336', '2024-12-26', '2025-01-25', '15827.57', '2183.85', '18011.42', 'paid', 'Débito Direto', '2025-01-19', 'https://via.placeholder.com/640x480.png/001133?text=documents+pariatur', 'Possimus cum voluptatem aliquam labore minima.', '2025-04-09 10:06:36', '2025-04-09 10:06:36', NULL),
('85', '18', '2024/9014', '2024-12-17', '2025-01-31', '9144.00', '1527.22', '10671.22', 'overdue', 'Transferência Bancária', NULL, 'https://via.placeholder.com/640x480.png/00ffaa?text=documents+sit', NULL, '2025-04-09 10:06:36', '2025-04-09 10:06:36', NULL),
('86', '18', '2025/1671', '2025-03-01', '2025-04-15', '10614.96', '828.80', '11443.76', 'paid', 'MBWay', '2025-03-05', NULL, NULL, '2025-04-09 10:06:36', '2025-04-09 10:06:36', NULL),
('87', '18', '2025/2176', '2025-02-18', '2025-05-19', '1090.41', '77.58', '1167.99', 'paid', 'Cartão de Crédito', '2025-03-20', NULL, NULL, '2025-04-09 10:06:36', '2025-04-09 10:06:36', NULL),
('88', '18', '2025/8804', '2025-02-20', '2025-03-05', '4783.15', '621.81', '5404.96', 'overdue', 'Cartão de Crédito', NULL, NULL, NULL, '2025-04-09 10:06:36', '2025-04-09 10:06:36', NULL),
('89', '19', '2025/5781', '2025-01-13', '2025-03-14', '19911.78', '3831.21', '23742.99', 'paid', 'Débito Direto', '2025-01-15', NULL, 'Excepturi eveniet ipsa cumque dolor sit animi.', '2025-04-09 10:06:36', '2025-04-09 10:06:36', NULL),
('90', '19', '2024/6146', '2024-12-30', '2025-01-29', '992.52', '207.89', '1200.41', 'overdue', 'Cheque', NULL, 'https://via.placeholder.com/640x480.png/005522?text=documents+voluptatem', 'Similique commodi et debitis qui illo dignissimos.', '2025-04-09 10:06:36', '2025-04-09 10:06:36', NULL),
('91', '19', '2024/2108', '2024-12-18', '2025-01-17', '25124.36', '4438.24', '29562.60', 'paid', 'Cartão de Crédito', '2025-03-29', NULL, NULL, '2025-04-09 10:06:36', '2025-04-09 10:06:36', NULL),
('92', '20', '2025/3372', '2025-03-13', '2025-04-12', '6348.03', '1342.58', '7690.61', 'paid', 'Numerário', '2025-04-03', NULL, 'Voluptates temporibus odit quae dolores.', '2025-04-09 10:06:36', '2025-04-09 10:06:36', NULL),
('93', '20', '2024/5286', '2024-12-17', '2025-01-16', '5871.80', '533.57', '6405.37', 'paid', 'Numerário', '2025-01-27', NULL, 'Eligendi porro repellendus eum exercitationem molestiae non laboriosam.', '2025-04-09 10:06:36', '2025-04-09 10:06:36', NULL),
('94', '20', '2025/9400', '2025-04-04', '2025-05-04', '4693.22', '281.59', '4974.81', 'pending', 'Multibanco', NULL, NULL, 'Alias consequatur ut culpa ex aut consectetur facere omnis consectetur libero.', '2025-04-09 10:06:36', '2025-04-09 10:06:36', NULL),
('95', '20', '2025/7493', '2025-02-19', '2025-04-20', '6141.16', '510.74', '6651.90', 'paid', 'Numerário', '2025-03-01', NULL, 'Et molestias optio et consequatur minus quia ipsum non.', '2025-04-09 10:06:36', '2025-04-09 10:06:36', NULL),
('96', '20', '2025/5660', '2025-01-28', '2025-03-14', '7763.83', '465.83', '8229.66', 'paid', 'Numerário', '2025-02-07', 'https://via.placeholder.com/640x480.png/0011ee?text=documents+doloribus', 'Laudantium laboriosam alias qui eos hic consectetur eveniet enim.', '2025-04-09 10:06:36', '2025-04-09 10:06:36', NULL),
('97', '20', '2025/5013', '2025-04-06', '2025-01-27', '11560.48', '1502.86', '13063.34', 'overdue', 'Numerário', NULL, 'https://via.placeholder.com/640x480.png/009988?text=documents+ut', NULL, '2025-04-09 10:06:36', '2025-04-09 10:06:36', NULL),
('98', '21', '2025/4988', '2025-03-21', '2025-06-19', '17172.96', '2798.17', '19971.13', 'pending', 'Cartão de Crédito', NULL, NULL, 'Voluptates aut magnam quos veniam atque magnam corrupti quas cupiditate inventore.', '2025-04-09 10:06:36', '2025-04-09 10:06:36', NULL),
('99', '21', '2025/8249', '2025-03-15', '2025-06-13', '16930.48', '1782.20', '18712.68', 'pending', 'Débito Direto', NULL, NULL, 'Minima voluptas ratione pariatur eos necessitatibus incidunt.', '2025-04-09 10:06:36', '2025-04-09 10:06:36', NULL),
('100', '21', '2025/7866', '2025-03-22', '2025-06-20', '7921.56', '576.30', '8497.86', 'pending', 'Multibanco', NULL, NULL, 'Eveniet dolorum ipsum enim omnis et modi quia labore iure sunt.', '2025-04-09 10:06:36', '2025-04-09 10:06:36', NULL),
('101', '21', '2024/7374', '2024-11-13', '2024-12-28', '4750.38', '1092.59', '5842.97', 'paid', 'Numerário', '2024-12-17', NULL, 'Excepturi magni excepturi neque totam et dignissimos autem necessitatibus maiores.', '2025-04-09 10:06:36', '2025-04-09 10:06:36', NULL),
('102', '21', '2025/5694', '2025-02-28', '2025-04-14', '19241.75', '3153.31', '22395.06', 'paid', 'Débito Direto', '2025-03-17', NULL, 'Molestias aspernatur earum doloremque voluptatem officia quod reiciendis.', '2025-04-09 10:06:36', '2025-04-09 10:06:36', NULL),
('103', '22', '2024/2246', '2024-12-08', '2025-01-22', '6639.12', '863.09', '7502.21', 'paid', 'Transferência Bancária', '2025-01-06', 'https://via.placeholder.com/640x480.png/00dd11?text=documents+placeat', NULL, '2025-04-09 10:06:36', '2025-04-09 10:06:36', NULL),
('104', '22', '2024/1533', '2024-10-13', '2024-12-12', '4133.10', '950.61', '5083.71', 'paid', 'Numerário', '2024-11-09', 'https://via.placeholder.com/640x480.png/00eebb?text=documents+aspernatur', NULL, '2025-04-09 10:06:36', '2025-04-09 10:06:36', NULL),
('105', '22', '2025/6136', '2025-02-03', '2025-03-20', '10533.79', '888.21', '11422.00', 'overdue', 'Cartão de Crédito', NULL, NULL, 'Aut vel omnis ullam totam distinctio ducimus qui vel.', '2025-04-09 10:06:36', '2025-04-09 10:06:36', NULL),
('106', '22', '2025/7207', '2025-01-21', '2025-03-22', '11640.44', '2531.15', '14171.59', 'overdue', 'Transferência Bancária', NULL, NULL, 'Exercitationem sapiente iste atque aut est quos voluptas.', '2025-04-09 10:06:36', '2025-04-09 10:06:36', NULL),
('107', '22', '2024/2274', '2024-11-25', '2025-01-24', '15655.02', '2699.42', '18354.44', 'paid', 'Cartão de Crédito', '2025-03-30', NULL, 'Dolor ratione et sint est quos totam.', '2025-04-09 10:06:36', '2025-04-09 10:06:36', NULL),
('108', '22', '2025/2674', '2025-02-14', '2025-02-07', '8581.59', '1179.70', '9761.29', 'overdue', 'Numerário', NULL, 'https://via.placeholder.com/640x480.png/007722?text=documents+vel', 'Non aperiam amet at quam aliquam quia quia exercitationem ullam maxime.', '2025-04-09 10:06:36', '2025-04-09 10:06:36', NULL),
('109', '23', '2025/2882', '2025-03-07', '2025-06-05', '16619.66', '3187.54', '19807.20', 'pending', 'Transferência Bancária', NULL, NULL, 'Qui nesciunt ducimus tempora dolor veritatis sed dolorem eveniet ipsa sit non.', '2025-04-09 10:06:36', '2025-04-09 10:06:36', NULL),
('110', '23', '2024/6322', '2024-12-13', '2025-01-27', '6943.23', '416.59', '7359.82', 'paid', 'Multibanco', '2024-12-27', NULL, 'Animi sit qui velit eligendi aspernatur aliquam.', '2025-04-09 10:06:36', '2025-04-09 10:06:36', NULL),
('111', '23', '2024/4401', '2024-11-14', '2024-12-14', '19598.70', '2149.65', '21748.35', 'paid', 'Multibanco', '2024-12-15', 'https://via.placeholder.com/640x480.png/006633?text=documents+impedit', 'Voluptas ut saepe itaque quia porro accusantium id illum qui.', '2025-04-09 10:06:36', '2025-04-09 10:06:36', NULL),
('112', '23', '2025/4457', '2025-02-03', '2025-05-04', '4307.31', '258.44', '4565.75', 'paid', 'Numerário', '2025-04-01', 'https://via.placeholder.com/640x480.png/00aa11?text=documents+iure', NULL, '2025-04-09 10:06:36', '2025-04-09 10:06:36', NULL),
('113', '23', '2025/6957', '2025-01-14', '2025-03-15', '7822.78', '1199.67', '9022.45', 'paid', 'Numerário', '2025-01-26', NULL, 'Cupiditate quos vitae magnam dolores.', '2025-04-09 10:06:36', '2025-04-09 10:06:36', NULL),
('114', '24', '2025/1989', '2025-01-03', '2025-04-03', '10259.30', '1482.57', '11741.87', 'paid', 'Multibanco', '2025-03-02', NULL, NULL, '2025-04-09 10:06:36', '2025-04-09 10:06:36', NULL),
('115', '24', '2025/7265', '2025-02-28', '2025-04-29', '21083.63', '2581.47', '23665.10', 'pending', 'Multibanco', NULL, 'https://via.placeholder.com/640x480.png/00bb55?text=documents+reiciendis', 'Unde repudiandae ut ab dolor in ut doloribus et.', '2025-04-09 10:06:36', '2025-04-09 10:06:36', NULL),
('116', '24', '2025/9862', '2025-02-14', '2025-04-15', '3072.11', '594.41', '3666.52', 'paid', 'Cheque', '2025-04-04', NULL, 'Possimus quia ea omnis cumque facilis veniam blanditiis.', '2025-04-09 10:06:36', '2025-04-09 10:06:36', NULL),
('117', '24', '2025/9643', '2025-01-05', '2025-04-05', '16151.43', '2285.21', '18436.64', 'paid', 'MBWay', '2025-02-26', NULL, 'Quo hic enim quod non et harum ut quasi.', '2025-04-09 10:06:36', '2025-04-09 10:06:36', NULL),
('118', '24', '2025/9914', '2025-03-25', '2025-05-09', '7418.40', '964.39', '8382.79', 'paid', 'Débito Direto', '2025-04-05', NULL, NULL, '2025-04-09 10:06:36', '2025-04-09 10:06:36', NULL),
('119', '24', '2025/7054', '2025-02-22', '2025-02-26', '9178.50', '856.36', '10034.86', 'overdue', 'Transferência Bancária', NULL, NULL, NULL, '2025-04-09 10:06:36', '2025-04-09 10:06:36', NULL),
('120', '25', '2025/4415', '2025-03-27', '2025-04-26', '10641.83', '2281.40', '12923.23', 'paid', 'Cartão de Crédito', '2025-04-09', NULL, 'Possimus occaecati nulla qui accusantium dignissimos.', '2025-04-09 10:06:36', '2025-04-09 10:06:36', NULL),
('121', '25', '2024/5808', '2024-12-22', '2025-03-22', '7675.96', '744.68', '8420.64', 'paid', 'Transferência Bancária', '2025-02-09', NULL, 'Natus itaque cupiditate quis nobis totam iste aut veniam atque itaque.', '2025-04-09 10:06:36', '2025-04-09 10:06:36', NULL),
('122', '25', '2024/7977', '2024-10-24', '2024-11-23', '706.50', '162.50', '869.00', 'paid', 'Cheque', '2024-11-02', NULL, 'Eum est et doloribus voluptatem dicta dolorum praesentium id ipsam.', '2025-04-09 10:06:36', '2025-04-09 10:06:36', NULL),
('123', '11', '1233/2025', '2025-02-10', '2025-04-12', '0.00', '0.00', '0.00', 'pending', 'other', NULL, 'invoices/gOUzYxbLNbGTEkkgNCq6deoXBf3vOVD2yMPYJwAo.pdf', NULL, '2025-04-09 14:09:46', '2025-04-10 09:33:38', NULL),
('124', '11', '10/2025', '2025-04-05', '2025-06-20', '0.00', '98.06', '540.06', 'pending', NULL, NULL, NULL, NULL, '2025-04-09 14:35:54', '2025-04-09 14:35:54', NULL),
('125', '18', '0900/2025', '2025-03-08', '2025-04-11', '0.00', '4715.00', '20500.00', 'pending', NULL, NULL, 'invoices/1vrj0ZF7WqFlrLjtmrFMUA2rICTWA8ocADuJfUpa.pdf', NULL, '2025-04-09 14:56:32', '2025-04-11 09:51:05', NULL),
('126', '4', '200/2025', '2025-04-09', '2025-04-15', '0.00', '851.00', '4551.00', 'pending', NULL, NULL, 'invoices/KMcJu2HefeQesVDcdD8sAX1GLSeT3G7ezjQTQ0sg.pdf', NULL, '2025-04-09 15:03:21', '2025-04-10 09:35:26', NULL),
('127', '4', '2025/1245', '2025-04-09', '2025-04-10', '0.00', '3120.00', '23120.00', 'pending', NULL, NULL, 'invoices/AaJR3Q1iX7Kdvsb8fyauwivoKEQCR5gO834mMXcG.pdf', NULL, '2025-04-09 15:15:05', '2025-04-10 09:32:41', NULL),
('128', '1', '2025/1100', '2025-04-01', '2025-04-10', '0.00', '180.00', '1380.00', 'pending', NULL, NULL, 'invoices/zMJ95XQI0w0nC2cHnLbb7MHiVmViwQXxiB5szRR9.pdf', NULL, '2025-04-10 09:31:40', '2025-04-10 09:31:40', NULL),
('129', '9', '2025/2001', '2025-04-10', '2025-04-15', '0.00', '4000.00', '24000.00', 'pending', NULL, NULL, 'invoices/2UADO5CM4kG9gDfdgxuJNPktwAC7s8b9sGC7vr7w.pdf', NULL, '2025-04-10 10:14:41', '2025-04-10 10:16:20', NULL),
('130', '26', '2025/2134', '2025-04-10', '2025-04-29', '0.00', '11.75', '115.00', 'paid', 'bank_transfer', '2025-04-11', 'invoices/099jVlAWIABD5l5WZMQsmWTqD6maMiiBnyiQY1l4.pdf', NULL, '2025-04-10 14:40:25', '2025-04-10 14:40:57', NULL),
('131', '4', '039403', '2025-04-11', '2025-04-11', '0.00', '1840.00', '8000.00', 'pending', 'other', NULL, 'invoices/hUeipAtvTA7PCiNiAN8sR4KiewXFP0CbSiw3lRFN.pdf', NULL, '2025-04-11 08:48:30', '2025-04-11 16:50:10', NULL),
('132', '14', '98765', '2025-04-11', '2025-04-11', '0.00', '3680.00', '19680.00', 'pending', NULL, NULL, 'invoices/CchFWAsFAI5TMGxXOaOMqUklmWSLl2QSN6RcTfDW.pdf', NULL, '2025-04-11 08:51:36', '2025-04-11 09:05:12', '2025-04-11 09:05:12'),
('133', '8', '1120/2025', '2025-04-11', '2025-04-11', '0.00', '50.00', '1000.00', 'pending', NULL, NULL, 'invoices/cj0HCmoa3WKGF0vZbvmbk32ORQjQJRPl89fgYjJd.pdf', NULL, '2025-04-11 09:09:48', '2025-04-11 10:12:09', '2025-04-11 10:12:09'),
('134', '9', '001/2025', '2025-04-01', '2025-04-04', '0.00', '6437.70', '27990.00', 'overdue', 'other', NULL, 'invoices/eQ5MGi4dNTOfBl6Pf9pxcSdjdhAdOksvNfJ657ag.pdf', NULL, '2025-04-11 10:21:23', '2025-04-14 08:49:29', NULL),
('135', '20', '1299/2025', '2025-04-11', '2025-04-11', '0.00', '2300.00', '12300.00', 'pending', NULL, NULL, 'invoices/ZQ8LbO1UGpYm59VErx2E9volsiMi1xB6NVpxFGuz.pdf', NULL, '2025-04-11 10:30:38', '2025-04-11 16:47:41', '2025-04-11 16:47:41'),
('136', '7', '1298/2025', '2025-04-14', '2025-04-16', '0.00', '27.60', '147.60', 'pending', NULL, NULL, NULL, NULL, '2025-04-14 08:29:33', '2025-04-14 08:29:33', NULL)
;

-- Table structure for table `job_batches`
DROP TABLE IF EXISTS `job_batches`;
CREATE TABLE `job_batches` (
  `id` varchar(255) COLLATE utf8mb4_unicode_ci NOT NULL,
  `name` varchar(255) COLLATE utf8mb4_unicode_ci NOT NULL,
  `total_jobs` int NOT NULL,
  `pending_jobs` int NOT NULL,
  `failed_jobs` int NOT NULL,
  `failed_job_ids` longtext COLLATE utf8mb4_unicode_ci NOT NULL,
  `options` mediumtext COLLATE utf8mb4_unicode_ci,
  `cancelled_at` int DEFAULT NULL,
  `created_at` int NOT NULL,
  `finished_at` int DEFAULT NULL,
  PRIMARY KEY (`id`)
) ENGINE=InnoDB DEFAULT CHARSET=utf8mb4 COLLATE=utf8mb4_unicode_ci;

-- Table structure for table `jobs`
DROP TABLE IF EXISTS `jobs`;
CREATE TABLE `jobs` (
  `id` bigint unsigned NOT NULL AUTO_INCREMENT,
  `queue` varchar(255) COLLATE utf8mb4_unicode_ci NOT NULL,
  `payload` longtext COLLATE utf8mb4_unicode_ci NOT NULL,
  `attempts` tinyint unsigned NOT NULL,
  `reserved_at` int unsigned DEFAULT NULL,
  `available_at` int unsigned NOT NULL,
  `created_at` int unsigned NOT NULL,
  PRIMARY KEY (`id`),
  KEY `jobs_queue_index` (`queue`)
) ENGINE=InnoDB DEFAULT CHARSET=utf8mb4 COLLATE=utf8mb4_unicode_ci;

-- Table structure for table `migrations`
DROP TABLE IF EXISTS `migrations`;
CREATE TABLE `migrations` (
  `id` int unsigned NOT NULL AUTO_INCREMENT,
  `migration` varchar(255) COLLATE utf8mb4_unicode_ci NOT NULL,
  `batch` int NOT NULL,
  PRIMARY KEY (`id`)
) ENGINE=InnoDB AUTO_INCREMENT=16 DEFAULT CHARSET=utf8mb4 COLLATE=utf8mb4_unicode_ci;

-- Data for table `migrations`
INSERT INTO `migrations` VALUES
('1', '0001_01_01_000000_create_users_table', '1'),
('2', '0001_01_01_000001_create_cache_table', '1'),
('3', '0001_01_01_000002_create_jobs_table', '1'),
('4', '2025_04_09_080038_create_suppliers_table', '1'),
('5', '2025_04_09_080046_create_invoices_table', '1'),
('6', '2025_04_09_080052_create_invoice_items_table', '1'),
('7', '2025_04_09_095236_create_sectors_table', '1'),
('8', '2025_04_09_095249_create_organization_types_table', '1'),
('9', '2025_04_09_095258_create_districts_table', '1'),
('10', '2025_04_09_095308_create_counties_table', '1'),
('11', '2025_04_09_095318_update_suppliers_table_with_relations', '1'),
('12', '2025_04_11_104628_create_invoice_logs_table', '2'),
('13', '2025_04_14_093217_create_categories_table', '3'),
('14', '2025_04_14_093442_create_subcategories_table', '4'),
('15', '2025_04_14_093507_create_articles_table', '4')
;

-- Table structure for table `organization_types`
DROP TABLE IF EXISTS `organization_types`;
CREATE TABLE `organization_types` (
  `id` bigint unsigned NOT NULL AUTO_INCREMENT,
  `name` varchar(255) COLLATE utf8mb4_unicode_ci NOT NULL,
  `abbreviation` varchar(255) COLLATE utf8mb4_unicode_ci NOT NULL,
  `description` varchar(255) COLLATE utf8mb4_unicode_ci DEFAULT NULL,
  `active` tinyint(1) NOT NULL DEFAULT '1',
  `created_at` timestamp NULL DEFAULT NULL,
  `updated_at` timestamp NULL DEFAULT NULL,
  PRIMARY KEY (`id`),
  UNIQUE KEY `organization_types_name_unique` (`name`),
  UNIQUE KEY `organization_types_abbreviation_unique` (`abbreviation`)
) ENGINE=InnoDB AUTO_INCREMENT=11 DEFAULT CHARSET=utf8mb4 COLLATE=utf8mb4_unicode_ci;

-- Data for table `organization_types`
INSERT INTO `organization_types` VALUES
('1', 'Sociedade Anónima', 'S.A.', 'Sociedade comercial cujo capital está dividido em ações e a responsabilidade dos sócios é limitada ao valor das ações subscritas.', '1', '2025-04-09 10:06:36', '2025-04-09 10:06:36'),
('2', 'Sociedade por Quotas', 'Lda.', 'Sociedade comercial em que o capital está dividido em quotas e os sócios são solidariamente responsáveis por todas as entradas convencionadas.', '1', '2025-04-09 10:06:36', '2025-04-09 10:06:36'),
('3', 'Sociedade Unipessoal por Quotas', 'Unipessoal Lda.', 'Sociedade por quotas com um único sócio, pessoa singular ou coletiva.', '1', '2025-04-09 10:06:36', '2025-04-09 10:06:36'),
('4', 'Sociedade Gestora de Participações Sociais', 'SGPS', 'Sociedade que tem por objeto contratual a gestão de participações sociais noutras sociedades.', '1', '2025-04-09 10:06:36', '2025-04-09 10:06:36'),
('5', 'Entidade Pública Empresarial', 'E.P.E.', 'Pessoa coletiva de direito público, com natureza empresarial.', '1', '2025-04-09 10:06:36', '2025-04-09 10:06:36'),
('6', 'Sociedade Anónima de Responsabilidade Limitada', 'S.A.R.L.', 'Forma societária de responsabilidade limitada, menos comum em Portugal.', '1', '2025-04-09 10:06:36', '2025-04-09 10:06:36'),
('7', 'Empresário em Nome Individual', 'ENI', 'Pessoa singular que exerce uma atividade económica sem constituir uma sociedade.', '1', '2025-04-09 10:06:36', '2025-04-09 10:06:36'),
('8', 'Sociedade em Comandita', 'S.C.', 'Sociedade em que pelo menos um dos sócios responde ilimitadamente pelas dívidas sociais e os restantes limitadamente.', '1', '2025-04-09 10:06:36', '2025-04-09 10:06:36'),
('9', 'Cooperativa', 'Coop.', 'Associação autónoma de pessoas que se unem voluntariamente para satisfazer necessidades económicas, sociais e culturais comuns.', '1', '2025-04-09 10:06:36', '2025-04-09 10:06:36'),
('10', 'Instituição Particular de Solidariedade Social', 'IPSS', 'Instituição constituída por iniciativa privada, sem finalidade lucrativa, com o propósito de dar expressão ao dever moral de solidariedade.', '1', '2025-04-09 10:06:36', '2025-04-09 10:06:36')
;

-- Table structure for table `password_reset_tokens`
DROP TABLE IF EXISTS `password_reset_tokens`;
CREATE TABLE `password_reset_tokens` (
  `email` varchar(255) COLLATE utf8mb4_unicode_ci NOT NULL,
  `token` varchar(255) COLLATE utf8mb4_unicode_ci NOT NULL,
  `created_at` timestamp NULL DEFAULT NULL,
  PRIMARY KEY (`email`)
) ENGINE=InnoDB DEFAULT CHARSET=utf8mb4 COLLATE=utf8mb4_unicode_ci;

-- Table structure for table `sectors`
DROP TABLE IF EXISTS `sectors`;
CREATE TABLE `sectors` (
  `id` bigint unsigned NOT NULL AUTO_INCREMENT,
  `name` varchar(255) COLLATE utf8mb4_unicode_ci NOT NULL,
  `description` varchar(255) COLLATE utf8mb4_unicode_ci DEFAULT NULL,
  `active` tinyint(1) NOT NULL DEFAULT '1',
  `created_at` timestamp NULL DEFAULT NULL,
  `updated_at` timestamp NULL DEFAULT NULL,
  PRIMARY KEY (`id`),
  UNIQUE KEY `sectors_name_unique` (`name`)
) ENGINE=InnoDB AUTO_INCREMENT=18 DEFAULT CHARSET=utf8mb4 COLLATE=utf8mb4_unicode_ci;

-- Data for table `sectors`
INSERT INTO `sectors` VALUES
('1', 'Agricultura e Pecuária', 'Produção agrícola, pecuária e serviços relacionados', '1', '2025-04-09 10:06:36', '2025-04-09 10:06:36'),
('2', 'Alimentação e Bebidas', 'Indústria alimentar e produção de bebidas', '1', '2025-04-09 10:06:36', '2025-04-09 10:06:36'),
('3', 'Automóvel', 'Indústria automóvel e componentes', '1', '2025-04-09 10:06:36', '2025-04-09 10:06:36'),
('4', 'Comércio', 'Comércio a retalho e por grosso', '1', '2025-04-09 10:06:36', '2025-04-09 10:06:36'),
('5', 'Construção', 'Construção civil e obras públicas', '1', '2025-04-09 10:06:36', '2025-04-09 10:06:36'),
('6', 'Educação', 'Ensino e formação profissional', '1', '2025-04-09 10:06:36', '2025-04-09 10:06:36'),
('7', 'Energia', 'Produção e distribuição de energia', '1', '2025-04-09 10:06:36', '2025-04-09 10:06:36'),
('8', 'Farmacêutica', 'Indústria farmacêutica e biotecnologia', '1', '2025-04-09 10:06:36', '2025-04-09 10:06:36'),
('9', 'Hotelaria e Turismo', 'Alojamento, restauração e atividades turísticas', '1', '2025-04-09 10:06:36', '2025-04-09 10:06:36'),
('10', 'Imobiliário', 'Atividades imobiliárias e gestão de propriedades', '1', '2025-04-09 10:06:36', '2025-04-09 10:06:36'),
('11', 'Indústria Transformadora', 'Transformação de matérias-primas em produtos acabados', '1', '2025-04-09 10:06:36', '2025-04-09 10:06:36'),
('12', 'Saúde', 'Serviços de saúde e assistência social', '1', '2025-04-09 10:06:36', '2025-04-09 10:06:36'),
('13', 'Serviços Financeiros', 'Banca, seguros e outras atividades financeiras', '1', '2025-04-09 10:06:36', '2025-04-09 10:06:36'),
('14', 'Tecnologia e Informática', 'Tecnologias de informação e comunicação', '1', '2025-04-09 10:06:36', '2025-04-09 10:06:36'),
('15', 'Telecomunicações', 'Serviços de telecomunicações e redes', '1', '2025-04-09 10:06:36', '2025-04-09 10:06:36'),
('16', 'Têxtil e Calçado', 'Indústria têxtil, vestuário e calçado', '1', '2025-04-09 10:06:36', '2025-04-09 10:06:36'),
('17', 'Transportes e Logística', 'Transporte de mercadorias e pessoas, logística e armazenagem', '1', '2025-04-09 10:06:36', '2025-04-09 10:06:36')
;

-- Table structure for table `sessions`
DROP TABLE IF EXISTS `sessions`;
CREATE TABLE `sessions` (
  `id` varchar(255) COLLATE utf8mb4_unicode_ci NOT NULL,
  `user_id` bigint unsigned DEFAULT NULL,
  `ip_address` varchar(45) COLLATE utf8mb4_unicode_ci DEFAULT NULL,
  `user_agent` text COLLATE utf8mb4_unicode_ci,
  `payload` longtext COLLATE utf8mb4_unicode_ci NOT NULL,
  `last_activity` int NOT NULL,
  PRIMARY KEY (`id`),
  KEY `sessions_user_id_index` (`user_id`),
  KEY `sessions_last_activity_index` (`last_activity`)
) ENGINE=InnoDB DEFAULT CHARSET=utf8mb4 COLLATE=utf8mb4_unicode_ci;

-- Data for table `sessions`
INSERT INTO `sessions` VALUES
('a5aieyfp9o3dxiv51LFuuB7ysSUyyGeijud3u1Fo', '2', '127.0.0.1', 'Mozilla/5.0 (Macintosh; Intel Mac OS X 10_15_7) AppleWebKit/537.36 (KHTML, like Gecko) Chrome/135.0.0.0 Safari/537.36', 'YTo1OntzOjY6Il90b2tlbiI7czo0MDoiamRtYnBoVEN4Q2tsR3B2T0U2VlpxdlNnSmk0VkpFS3JEdjZsWHVOdiI7czozOiJ1cmwiO2E6MDp7fXM6NjoiX2ZsYXNoIjthOjI6e3M6Mzoib2xkIjthOjA6e31zOjM6Im5ldyI7YTowOnt9fXM6NTA6ImxvZ2luX3dlYl81OWJhMzZhZGRjMmIyZjk0MDE1ODBmMDE0YzdmNThlYTRlMzA5ODlkIjtpOjI7czo5OiJfcHJldmlvdXMiO2E6MTp7czozOiJ1cmwiO3M6NjY6Imh0dHA6Ly9pbnZvaWNlbWFuYWdlbWVudC50ZXN0L2FydGljbGVzP3NvcnRfYnk9Y29kZSZzb3J0X29yZGVyPWFzYyI7fX0=', '1744639004')
;

-- Table structure for table `subcategories`
DROP TABLE IF EXISTS `subcategories`;
CREATE TABLE `subcategories` (
  `id` bigint unsigned NOT NULL AUTO_INCREMENT,
  `category_id` bigint unsigned NOT NULL,
  `name` varchar(255) COLLATE utf8mb4_unicode_ci NOT NULL,
  `description` text COLLATE utf8mb4_unicode_ci,
  `created_at` timestamp NULL DEFAULT NULL,
  `updated_at` timestamp NULL DEFAULT NULL,
  PRIMARY KEY (`id`),
  KEY `subcategories_category_id_foreign` (`category_id`),
  CONSTRAINT `subcategories_category_id_foreign` FOREIGN KEY (`category_id`) REFERENCES `categories` (`id`) ON DELETE CASCADE
) ENGINE=InnoDB AUTO_INCREMENT=7 DEFAULT CHARSET=utf8mb4 COLLATE=utf8mb4_unicode_ci;

-- Data for table `subcategories`
INSERT INTO `subcategories` VALUES
('1', '1', 'Portáteis', '', '2025-04-14 10:29:49', '2025-04-14 10:29:49'),
('2', '2', 'Apple', '', '2025-04-14 10:29:49', '2025-04-14 10:29:49'),
('3', '3', 'Móveis', '', '2025-04-14 10:29:49', '2025-04-14 10:29:49'),
('4', '2', 'Samsumg', '', '2025-04-14 11:54:20', '2025-04-14 11:54:20'),
('5', '3', 'Cadeiras', '', '2025-04-14 12:42:23', '2025-04-14 12:42:23'),
('6', '1', 'Tablets', '', '2025-04-14 12:49:11', '2025-04-14 12:49:11')
;

-- Table structure for table `suppliers`
DROP TABLE IF EXISTS `suppliers`;
CREATE TABLE `suppliers` (
  `id` bigint unsigned NOT NULL AUTO_INCREMENT,
  `company_name` varchar(255) COLLATE utf8mb4_unicode_ci NOT NULL,
  `document` varchar(255) COLLATE utf8mb4_unicode_ci NOT NULL,
  `email` varchar(255) COLLATE utf8mb4_unicode_ci NOT NULL,
  `phone` varchar(255) COLLATE utf8mb4_unicode_ci NOT NULL,
  `address` varchar(255) COLLATE utf8mb4_unicode_ci NOT NULL,
  `city` varchar(255) COLLATE utf8mb4_unicode_ci NOT NULL,
  `zip_code` varchar(255) COLLATE utf8mb4_unicode_ci NOT NULL,
  `notes` text COLLATE utf8mb4_unicode_ci,
  `active` tinyint(1) NOT NULL DEFAULT '1',
  `created_at` timestamp NULL DEFAULT NULL,
  `updated_at` timestamp NULL DEFAULT NULL,
  `deleted_at` timestamp NULL DEFAULT NULL,
  `sector_id` bigint unsigned DEFAULT NULL,
  `organization_type_id` bigint unsigned DEFAULT NULL,
  `district_id` bigint unsigned DEFAULT NULL,
  `county_id` bigint unsigned DEFAULT NULL,
  PRIMARY KEY (`id`),
  UNIQUE KEY `suppliers_document_unique` (`document`),
  UNIQUE KEY `suppliers_email_unique` (`email`),
  KEY `suppliers_sector_id_foreign` (`sector_id`),
  KEY `suppliers_organization_type_id_foreign` (`organization_type_id`),
  KEY `suppliers_district_id_foreign` (`district_id`),
  KEY `suppliers_county_id_foreign` (`county_id`),
  CONSTRAINT `suppliers_county_id_foreign` FOREIGN KEY (`county_id`) REFERENCES `counties` (`id`) ON DELETE SET NULL,
  CONSTRAINT `suppliers_district_id_foreign` FOREIGN KEY (`district_id`) REFERENCES `districts` (`id`) ON DELETE SET NULL,
  CONSTRAINT `suppliers_organization_type_id_foreign` FOREIGN KEY (`organization_type_id`) REFERENCES `organization_types` (`id`) ON DELETE SET NULL,
  CONSTRAINT `suppliers_sector_id_foreign` FOREIGN KEY (`sector_id`) REFERENCES `sectors` (`id`) ON DELETE SET NULL
) ENGINE=InnoDB AUTO_INCREMENT=28 DEFAULT CHARSET=utf8mb4 COLLATE=utf8mb4_unicode_ci;

-- Data for table `suppliers`
INSERT INTO `suppliers` VALUES
('1', 'Hudson, Boehm and Huel', '582206820', 'alexandra.windler@kshlerin.net', '+351 921034604', '97902 Hunter Path Suite 604', 'East Brandt', '3630-833', NULL, '0', '2025-04-09 10:06:36', '2025-04-10 14:33:43', NULL, '13', '10', '6', '10'),
('2', 'Bogisich Group LTD', '557107269', 'lgrant1@rogahn.com', '+351915776554', '6976 Flatley Streets figthers', 'East Hassanshire trade', '3795-321', 'Repellendus nostrum assumenda voluptatem hic magnam in provident consectetur dolor perferendis voluptatem voluptatem commodi.', '1', '2025-04-09 10:06:36', '2025-04-09 13:20:04', NULL, '16', '3', '19', '5'),
('3', 'Conn, Hudson and Connelly', '523191940', 'carmel08@donnelly.com', '+351 936494027', '4234 Dorris Valley', 'Wymanberg', '8755-341', NULL, '1', '2025-04-09 10:06:36', '2025-04-09 13:20:48', NULL, '16', '5', '1', '21'),
('4', 'Wisozk Inc', '533647457', 'leonard.kirlin@weissnat.biz', '+351 910530773', '993 Rodrigo Ranch', 'Port Monteburgh', '7744-435', 'Pariatur quos et nobis quisquam dolorem neque.', '1', '2025-04-09 10:06:36', '2025-04-09 13:21:05', NULL, '14', '9', '12', '5'),
('5', 'Carter, Waters and Keebler', '573965826', 'auer.regan@williamson.info', '+351 966755889', '2408 Micheal Orchard', 'Lake Penelope', '7600-699', 'Expedita eius fugiat error architecto fuga natus provident qui veritatis quos reiciendis itaque.', '1', '2025-04-09 10:06:36', '2025-04-09 13:21:14', NULL, '3', '7', '7', '19'),
('6', 'Greenholt, Marquardt and Heidenreich', '579923089', 'grady.jerde@conroy.info', '+351 910636884', '5216 O\'Conner Forest', 'New Emmanuelport', '2451-800', 'Quibusdam sint doloribus soluta occaecati aut reiciendis quis odit aliquam cumque.', '1', '2025-04-09 10:06:36', '2025-04-09 13:21:29', NULL, '7', '2', '15', '1'),
('7', 'Streich, Macejkovic and Simonis', '525950626', 'alfonso.rempel@roob.com', '+351 937572407', '957 Leo Crossing', 'Rowehaven', '3570-426', 'Mollitia aut nostrum ipsa sunt maiores voluptatem autem rem facilis reprehenderit impedit nemo quaerat.', '1', '2025-04-09 10:06:36', '2025-04-09 13:21:41', NULL, '11', '4', '5', '3'),
('8', 'Gibson LLC', '568350843', 'everette.ferry@jacobson.com', '+351 942380031', '9315 Emard Fall', 'Port Toneyland', '8699-884', 'Omnis iusto doloribus blanditiis velit ut qui et illo sed.', '1', '2025-04-09 10:06:36', '2025-04-09 10:06:36', NULL, '4', '4', '11', '12'),
('9', 'Keebler Group', '550018932', 'abbie.tillman@bins.com', '+351 933009287', '1322 Margarette Underpass Suite 579', 'Scothaven', '8050-909', 'Quod quia ut aspernatur suscipit consectetur consequatur ut earum rem ut molestiae rerum consequatur.', '1', '2025-04-09 10:06:36', '2025-04-09 13:21:56', NULL, '16', '2', '1', '16'),
('10', 'Spencer-Auer', '505677863', 'ferry.oral@casper.org', '+351 914054081', '4024 Kelvin Trail', 'Krisfort', '5509-817', 'Non quia et inventore rerum quae sunt eaque ratione qui eius voluptas distinctio eos.', '1', '2025-04-09 10:06:36', '2025-04-09 15:24:01', NULL, '3', '9', '17', '12'),
('11', 'Ratke PLC', '565366261', 'grady.olga@gislason.org', '+351 913022651', '4397 Roob Wall', 'South Donaldshire', '9981-192', 'Non ea labore qui dolores eveniet voluptates ut.', '1', '2025-04-09 10:06:36', '2025-04-09 13:22:26', NULL, '1', '9', '4', '13'),
('12', 'Bartell-Hill', '535355115', 'zcartwright@koss.com', '+351 961444792', '50956 Hauck Harbors Suite 860', 'Lake Gloria', '3241-327', NULL, '1', '2025-04-09 10:06:36', '2025-04-09 13:22:41', NULL, '12', '10', '3', '16'),
('13', 'Gutkowski Group', '548703292', 'mafalda22@satterfield.com', '+351 912399508', '3654 Garett Motorway Apt. 677', 'Lake Janelle', '4158-810', NULL, '0', '2025-04-09 10:06:36', '2025-04-09 13:23:18', NULL, '10', '5', '3', '9'),
('14', 'Krajcik LLC', '588435547', 'giles49@kunde.net', '+351 911274443', '800 Demarco Mountains Suite 726', 'Tracyfurt', '2234-722', NULL, '1', '2025-04-09 10:06:36', '2025-04-09 13:23:03', NULL, '6', '2', '19', '4'),
('15', 'Konopelski Inc', '557816542', 'kohara@stanton.com', '+351 915419308', '277 Green Motorway', 'New Dorcasside', '9252-506', 'Quibusdam soluta ullam autem et et et repellat reprehenderit aut quibusdam est vero.', '1', '2025-04-09 10:06:36', '2025-04-09 13:23:38', NULL, '10', '6', '14', '23'),
('16', 'Bogan, Barton and Morissette', '564887444', 'stevie55@runolfsdottir.biz', '+351 914770486', '8551 Jaqueline Villages Suite 380', 'Wisokyland', '6490-893', 'Aut est rerum ad ut necessitatibus doloribus quis maiores sed impedit.', '0', '2025-04-09 10:06:36', '2025-04-09 13:23:51', NULL, '1', '3', '20', '3'),
('17', 'Green, Keebler and Hudson', '551789158', 'crystal79@schaefer.org', '+351 914507943', '79530 Aurelia Prairie Apt. 765', 'O\'Connerborough', '4126-756', NULL, '1', '2025-04-09 10:06:36', '2025-04-09 10:06:36', NULL, '3', '2', '13', '20'),
('18', 'Predovic, Hansen and Hickle', '549730311', 'lhamill@trantow.com', '+351 962030871', '30021 Macejkovic Plain Apt. 809', 'East Ferminmouth', '6519-006', 'Id voluptatibus autem iusto totam aut laudantium vero et repellat enim est non ut.', '1', '2025-04-09 10:06:36', '2025-04-09 13:24:04', NULL, '3', '9', '1', '19'),
('19', 'Prosacco-Kilback', '549537019', 'bschuster@reichel.com', '+351 910246891', '6824 Ludwig Glen', 'Lake Carter', '8081-122', 'Commodi consequatur est dolores ullam vero sequi quisquam earum deleniti ex.', '1', '2025-04-09 10:06:36', '2025-04-09 13:24:18', NULL, '5', '5', '18', '17'),
('20', 'Macejkovic, Will and Welch', '591496773', 'rosalia73@klocko.com', '+351 911797120', '748 Hagenes Meadows', 'Franeckiburgh', '6788-347', 'Harum consectetur libero autem mollitia voluptatem laboriosam ea quod doloribus.', '1', '2025-04-09 10:06:36', '2025-04-09 13:24:35', NULL, '17', '10', '5', '15'),
('21', 'Von-Ortiz', '578217213', 'okiehn@lakin.com', '+351 910075399', '17606 Conroy Heights', 'Lake Pasqualeberg', '1920-719', 'Magni accusamus officia molestias expedita ut nobis ipsum vel ut iste qui.', '0', '2025-04-09 10:06:36', '2025-04-09 13:24:54', NULL, '15', '8', '1', '2'),
('22', 'Bogan PLC', '507611077', 'kreiger.edgar@grant.com', '+351 926103438', '943 Aric Rest Suite 018', 'West Benniebury', '1811-794', 'Aliquam voluptas quos laborum qui repellendus laborum est.', '0', '2025-04-09 10:06:36', '2025-04-09 13:25:13', NULL, '4', '7', '16', '14'),
('23', 'Rutherford, Miller and Auer', '543546456', 'dolly08@romaguera.com', '+351 937224981', '96388 Auer Roads', 'East Skyla', '9681-554', 'Enim rerum quo doloremque ducimus dolor odio ea.', '0', '2025-04-09 10:06:36', '2025-04-09 13:25:28', NULL, '7', '3', '15', '11'),
('24', 'Schmeler Inc', '550968169', 'gertrude65@effertz.biz', '+351 927906784', '2159 McDermott Viaduct', 'East Mariam', '3224-568', 'Consectetur magnam odio quis et vel qui saepe.', '0', '2025-04-09 10:06:36', '2025-04-09 13:25:41', NULL, '1', '7', '20', '22'),
('25', 'Lehner-Greenfelder', '528533513', 'braden.harber@jaskolski.net', '+351 936014720', '48090 Isai Junction Apt. 502', 'Beattychester', '9851-739', 'Ducimus reiciendis odio nihil dolores et voluptates ipsam temporibus occaecati amet est odio non.', '0', '2025-04-09 10:06:36', '2025-04-09 10:06:36', NULL, '7', '8', '13', '17'),
('26', 'Quitanda de Frutas Manoel', '523556771', 'manoel@mail.com', '+351912335567', 'Rua das Flores 10', 'Odivelas', '2675-565', NULL, '1', '2025-04-10 14:35:19', '2025-04-10 14:35:19', NULL, '2', '9', '11', '6'),
('27', 'Worten - Equipamentos Para O Lar S.a', '503630330', 'worten@gaiashopping.pt', '+351911223445', 'Lugar do Espido, Via Norte, Edifício 2D', 'Lisboa', '1200-100', NULL, '1', '2025-04-11 16:53:07', '2025-04-11 16:53:07', NULL, '4', '7', '11', '1')
;

-- Table structure for table `users`
DROP TABLE IF EXISTS `users`;
CREATE TABLE `users` (
  `id` bigint unsigned NOT NULL AUTO_INCREMENT,
  `name` varchar(255) COLLATE utf8mb4_unicode_ci NOT NULL,
  `email` varchar(255) COLLATE utf8mb4_unicode_ci NOT NULL,
  `email_verified_at` timestamp NULL DEFAULT NULL,
  `password` varchar(255) COLLATE utf8mb4_unicode_ci NOT NULL,
  `remember_token` varchar(100) COLLATE utf8mb4_unicode_ci DEFAULT NULL,
  `created_at` timestamp NULL DEFAULT NULL,
  `updated_at` timestamp NULL DEFAULT NULL,
  PRIMARY KEY (`id`),
  UNIQUE KEY `users_email_unique` (`email`)
) ENGINE=InnoDB AUTO_INCREMENT=4 DEFAULT CHARSET=utf8mb4 COLLATE=utf8mb4_unicode_ci;

-- Data for table `users`
INSERT INTO `users` VALUES
('1', 'Administrador', 'admin@example.com', '2025-04-09 10:06:36', '$2y$12$dZ455sAvuxpha04GhIsmMe4raXCHLH1WhIPc7CGjr8pnbIFJm8/8u', 'sVO86yCo9H', '2025-04-09 10:06:36', '2025-04-09 11:14:45'),
('2', 'Ricardo Araújo', 'ricco@mail.com', NULL, '$2y$12$Ljk6EvowxEpOezUiH6TvSO0ohYAZKssn.soc6DVXtzD5b9cnLm5/i', NULL, '2025-04-09 10:09:12', '2025-04-09 10:09:12'),
('3', 'Administrador', 'superadmin@mail.com', NULL, '$2y$12$gcdR8kyRDO9SRnwyvWxOG.j2UmqZYEXYQcR5jDQIP8acn.8oGO1..', NULL, '2025-04-09 11:20:39', '2025-04-09 11:20:39')
;

SET FOREIGN_KEY_CHECKS=1;
